ELEVATE,
Version 9.0.26,

JOB DATA,
Job Title,,,SmecGCTest,
Job No,,,20210922,
Calculation Title,,,,
Made By,,,Xzx,
Checked By,,,,
Company,,,SMEC,
File/Date,,,4Ele16FloorUpPeakFlowUpPeakMode15.elvx   22 Sep 2021  11:17:27,

ANALYSIS DATA,
Analysis Type,,,,,Simulation,
Measurement system,,,,,Metric,
Dispatcher Algorithm,,,,,Group Collective   Traffic mode: Up peak 1,
Time slice between simulation calculations (s),,,,,0.05,
No of time slices between screen updates,,,,,10,
No of simulations to run for each configuration,,,,,1,
No of learning runs,,,,,0,
Random number seed for passenger generator,,,,,588,

BUILDING DATA,
Floor Name,,Floor Level (m),,No of people,,Area (m²),,Area/person,,Entrance Floor,
Level 1,,0.00,,0.,,,,,,Yes,
Level 2,,3.00,,50.,,,,,,No,
Level 3,,6.00,,50.,,,,,,No,
Level 4,,9.00,,50.,,,,,,No,
Level 5,,12.00,,50.,,,,,,No,
Level 6,,15.00,,50.,,,,,,No,
Level 7,,18.00,,50.,,,,,,No,
Level 8,,21.00,,50.,,,,,,No,
Level 9,,24.00,,50.,,,,,,No,
Level 10,,27.00,,50.,,,,,,No,
Level 11,,30.00,,50.,,,,,,No,
Level 12,,33.00,,50.,,,,,,No,
Level 13,,36.00,,50.,,,,,,No,
Level 14,,39.00,,50.,,,,,,No,
Level 15,,42.00,,50.,,,,,,No,
Level 16,,45.00,,50.,,,,,,No,

Absenteeism (%),,,,,13.00,
Building type,,,,,Unspecified,

Total building height,,,,,45.00,
Average floor height,,,,,3.00,
Total Population,,,,,652.5,
Average population/floor for populated floors,,,,,43.5,
No of Floors,,,,,16,

ELEVATOR DATA,
No of Elevators,,,,,4,
Capacity (kg),,,,,1000,
Car area (m²),,,,,2.40,
Door Pre-opening Time (s),,,,,0.00,
Door Open Time (s),,,,,1.80,
Door Close Time (s),,,,,2.90,
Speed (m/s),,,,,2.50,
Acceleration (m/s²),,,,,0.80,
Jerk (m/s³),,,,,1.60,
Start Delay (s),,,,,0.50,
Levelling Delay (s),,,,,0.00,
Home Floor,,,,,Level 1,



PASSENGER DATA,
Arrangement,,,Conventional for Single Deck elevators,
Template,,,Barney Up peak (1 hour),
Total HC (% pop per 5 mins),,,15.00,
Passenger Mass (kg),,,75,
Loading Time (s),,,1.20,
Unloading Time (s),,,1.20,
Stair Factor (%),,,0.00,
Capacity Factor (%),,,80.00,

Floor Name,,,Entrance Bias (%),
Level 1,,,100.0,

SIMULATION RESULTS,
Based on average of all runs over complete duration of the simulation,
Average Waiting Time (s),,,29.7   (+0.0/-0.0),
Longest Waiting Time (s),,,138.8   (+0.0/-0.0),
Average Transit Time (s),,,55.4   (+0.0/-0.0),
Longest Transit Time (s),,,145.6   (+0.0/-0.0),
Average Time to Destination (s),,,85.1   (+0.0/-0.0),
Longest Time to Destination (s),,,261.0   (+0.0/-0.0),


MONITORING RESULTS,
Monitoring results are based on an anlaysis of the whole simulation from start to finish (not a specific time period).,
Where there have been multiple runs the results shown are averages.,

,,,Car 1,Car 2,Car 3,Car 4,Total,
Up Motor Starts,,,83.0,100.0,108.0,117.0,408.0,
Down Motor Starts,,,23.0,30.0,34.0,34.0,121.0,
Total Motor Starts,,,106.0,130.0,142.0,151.0,529.0,
Total Distance Travelled,,,1602.0,1992.0,2355.0,2448.0,8397.0,
Total up running time (s),,,651.4,799.1,906.3,957.3,3314.1,
Total down running time (s),,,415.5,522.9,611.5,630.3,2180.2,
No of times dispatched from home,,,23.0,30.0,35.0,34.0,122.0,

Total up running time at in load range (s),
,,,Car 1,Car 2,Car 3,Car 4,Total,
0 to 10 %,,,213.5,248.1,312.5,334.7,1108.8,
10 to 20 %,,,103.7,190.0,167.3,191.6,652.6,
20 to 30 %,,,57.6,92.3,92.0,113.9,355.8,
30 to 40 %,,,111.8,120.8,131.7,135.2,499.5,
40 to 50 %,,,35.9,34.1,48.8,53.9,172.7,
50 to 60 %,,,36.9,33.1,42.4,27.6,140.0,
60 to 70 %,,,59.3,51.7,64.0,59.7,234.7,
70 to 80 %,,,32.8,29.1,47.7,40.9,150.5,
80 to 90 %,,,0.0,0.0,0.0,0.0,0.0,
90 to 100 %,,,0.0,0.0,0.0,0.0,0.0,

Total down running time at in load range (s),
,,,Car 1,Car 2,Car 3,Car 4,Total,
0 to 10 %,,,415.5,522.9,611.5,630.3,2180.2,
10 to 20 %,,,0.0,0.0,0.0,0.0,0.0,
20 to 30 %,,,0.0,0.0,0.0,0.0,0.0,
30 to 40 %,,,0.0,0.0,0.0,0.0,0.0,
40 to 50 %,,,0.0,0.0,0.0,0.0,0.0,
50 to 60 %,,,0.0,0.0,0.0,0.0,0.0,
60 to 70 %,,,0.0,0.0,0.0,0.0,0.0,
70 to 80 %,,,0.0,0.0,0.0,0.0,0.0,
80 to 90 %,,,0.0,0.0,0.0,0.0,0.0,
90 to 100 %,,,0.0,0.0,0.0,0.0,0.0,


kgm,
,,,Car 1,Car 2,Car 3,Car 4,Total,
,,,186750.0,207450.0,264375.0,244800.0,903375.0,

Total time idle (s),
,,,Car 1,Car 2,Car 3,Car 4,Total,
,,,2235.1,1979.9,1784.1,1714.4,7713.5,

Total time standby (s),
,,,Car 1,Car 2,Car 3,Car 4,Total,
,,,0.0,0.0,0.0,0.0,0.0,

Hall call analysis,
No of Hall Calls,,,Up,158,,,Down,0,,,Total,158,
Average Response Time (s),,,Up,4.4,,,Down,0.0,,,Both,4.4,

Hall call analysis by time of day,
Time,,No of Hall Calls,,,Average Response Time (s),
(5 mins starting),,Up,Down,,Up,Down,Average,
12:00,,15.0,0.0,,0.1,0.0,0.1,
12:05,,17.0,0.0,,0.1,0.0,0.1,
12:10,,15.0,0.0,,1.3,0.0,1.3,
12:15,,19.0,0.0,,0.1,0.0,0.1,
12:20,,20.0,0.0,,2.6,0.0,2.6,
12:25,,18.0,0.0,,7.2,0.0,7.2,
12:30,,11.0,0.0,,13.3,0.0,13.3,
12:35,,8.0,0.0,,14.7,0.0,14.7,
12:40,,7.0,0.0,,19.2,0.0,19.2,
12:45,,13.0,0.0,,6.6,0.0,6.6,
12:50,,15.0,0.0,,0.3,0.0,0.3,



Hall call analysis by floor no,
,,No of Hall Calls,,,Average Response Time (s),
,,Up,Down,,Up,Down,
Level 1,,158.0,0.0,,4.4,0.0,
Level 2,,0.0,0.0,,0.0,0.0,
Level 3,,0.0,0.0,,0.0,0.0,
Level 4,,0.0,0.0,,0.0,0.0,
Level 5,,0.0,0.0,,0.0,0.0,
Level 6,,0.0,0.0,,0.0,0.0,
Level 7,,0.0,0.0,,0.0,0.0,
Level 8,,0.0,0.0,,0.0,0.0,
Level 9,,0.0,0.0,,0.0,0.0,
Level 10,,0.0,0.0,,0.0,0.0,
Level 11,,0.0,0.0,,0.0,0.0,
Level 12,,0.0,0.0,,0.0,0.0,
Level 13,,0.0,0.0,,0.0,0.0,
Level 14,,0.0,0.0,,0.0,0.0,
Level 15,,0.0,0.0,,0.0,0.0,
Level 16,,0.0,0.0,,0.0,0.0,

Hall Call response time distribution,
Floor,,>0s &,>15s &,>30s &,>45s &,>60s &,>90s &,>150s,Average,
,,<=15s,<=30s,<=45s,<=60s,<=90s,<=150s,,Response(s),
Level 1,,143.0,6.0,5.0,2.0,2.0,0.0,0.0,4.4,
Level 2,,0.0,0.0,0.0,0.0,0.0,0.0,0.0,0.0,
Level 3,,0.0,0.0,0.0,0.0,0.0,0.0,0.0,0.0,
Level 4,,0.0,0.0,0.0,0.0,0.0,0.0,0.0,0.0,
Level 5,,0.0,0.0,0.0,0.0,0.0,0.0,0.0,0.0,
Level 6,,0.0,0.0,0.0,0.0,0.0,0.0,0.0,0.0,
Level 7,,0.0,0.0,0.0,0.0,0.0,0.0,0.0,0.0,
Level 8,,0.0,0.0,0.0,0.0,0.0,0.0,0.0,0.0,
Level 9,,0.0,0.0,0.0,0.0,0.0,0.0,0.0,0.0,
Level 10,,0.0,0.0,0.0,0.0,0.0,0.0,0.0,0.0,
Level 11,,0.0,0.0,0.0,0.0,0.0,0.0,0.0,0.0,
Level 12,,0.0,0.0,0.0,0.0,0.0,0.0,0.0,0.0,
Level 13,,0.0,0.0,0.0,0.0,0.0,0.0,0.0,0.0,
Level 14,,0.0,0.0,0.0,0.0,0.0,0.0,0.0,0.0,
Level 15,,0.0,0.0,0.0,0.0,0.0,0.0,0.0,0.0,
Level 16,,0.0,0.0,0.0,0.0,0.0,0.0,0.0,0.0,
Total,,143.0,6.0,5.0,2.0,2.0,0.0,0.0,4.4,

Car call analysis by time of day,
Time,,No of Car Calls,,Average Response Time (s),
(5 mins starting),
12:00,,20.0,,30.9,
12:05,,20.0,,34.6,
12:10,,25.0,,32.0,
12:15,,31.0,,33.5,
12:20,,45.0,,40.6,
12:25,,49.0,,56.5,
12:30,,57.0,,63.9,
12:35,,60.0,,65.6,
12:40,,53.0,,60.8,
12:45,,28.0,,36.0,
12:50,,20.0,,24.7,

Car call analysis by floor no,
,,No of Car Calls,,Average Response Time (s),
Level 1,,0.0,,0.0,
Level 2,,29.0,,15.0,
Level 3,,33.0,,19.1,
Level 4,,28.0,,27.9,
Level 5,,29.0,,32.3,
Level 6,,20.0,,42.1,
Level 7,,30.0,,42.6,
Level 8,,32.0,,39.9,
Level 9,,28.0,,51.0,
Level 10,,18.0,,59.4,
Level 11,,26.0,,56.9,
Level 12,,20.0,,50.4,
Level 13,,27.0,,75.3,
Level 14,,30.0,,65.0,
Level 15,,29.0,,77.3,
Level 16,,29.0,,91.5,

Car Call response time distribution,
Floor,,>0s &,>15s &,>30s &,>45s &,>60s &,>90s &,>150s,Average,
,,<=15s,<=30s,<=45s,<=60s,<=90s,<=150s,,Response(s),
Level 1,,0.0,0.0,0.0,0.0,0.0,0.0,0.0,0.0,
Level 2,,14.0,14.0,1.0,0.0,0.0,0.0,0.0,15.0,
Level 3,,12.0,20.0,1.0,0.0,0.0,0.0,0.0,19.1,
Level 4,,3.0,13.0,11.0,1.0,0.0,0.0,0.0,27.9,
Level 5,,4.0,9.0,11.0,5.0,0.0,0.0,0.0,32.3,
Level 6,,0.0,4.0,8.0,6.0,2.0,0.0,0.0,42.1,
Level 7,,0.0,8.0,8.0,8.0,6.0,0.0,0.0,42.6,
Level 8,,0.0,13.0,4.0,10.0,4.0,1.0,0.0,39.9,
Level 9,,0.0,6.0,4.0,8.0,9.0,1.0,0.0,51.0,
Level 10,,0.0,2.0,2.0,3.0,11.0,0.0,0.0,59.4,
Level 11,,0.0,4.0,5.0,3.0,12.0,2.0,0.0,56.9,
Level 12,,0.0,7.0,4.0,1.0,7.0,1.0,0.0,50.4,
Level 13,,0.0,2.0,2.0,5.0,5.0,13.0,0.0,75.3,
Level 14,,0.0,5.0,7.0,3.0,7.0,8.0,0.0,65.0,
Level 15,,0.0,5.0,2.0,2.0,7.0,13.0,0.0,77.3,
Level 16,,0.0,0.0,3.0,2.0,8.0,16.0,0.0,91.5,
Total,,33.0,112.0,73.0,57.0,78.0,55.0,0.0,49.1,



Breakdown of trips for ISO research,

PASSENGER LIST,
No average data for Passenger List, so Run 1 selected.,
This data is for all the passengers generated over complete duration of the simulation,
Total number of passengers,,,,,503,
Time last passenger arrived at destination (s),,,,,12:54:59.46499,

Time,Arrival,Destination,Mass,Capacity,Loading,Unloading,Elevator,Time,Time,Waiting,Transit,Actual,Reverse,
Arrived,Floor,Floor,,Factor,Time,Time,Used,Elevator,Reached,Time,Time,Destination,Journey,
,,,,,,,,Arrived,Destination,
(s),,,(kg),(%),(s),(s),(s),(s),(s),(s),(s),
12:00:02.43202,Level 1,Level 3,75.,80.0,1.2,1.2,4,12:00:02.43202,12:00:29.43229,0.0,26.9,Level 3,0,
12:00:05.43205,Level 1,Level 2,75.,80.0,1.2,1.2,4,12:00:02.43202,12:00:16.43216,0.0,11.1,Level 2,0,
12:00:27.43227,Level 1,Level 11,75.,80.0,1.2,1.2,3,12:00:27.43227,12:01:05.43265,0.0,38.3,Level 11,0,
12:00:31.43231,Level 1,Level 8,75.,80.0,1.2,1.2,3,12:00:27.43227,12:00:50.43250,0.0,18.7,Level 8,0,
12:01:02.43262,Level 1,Level 15,75.,80.0,1.2,1.2,4,12:01:02.43262,12:01:31.43291,0.0,28.8,Level 15,0,
12:01:14.43274,Level 1,Level 12,75.,80.0,1.2,1.2,2,12:01:14.43274,12:01:39.43299,0.0,25.3,Level 12,0,
12:01:30.43290,Level 1,Level 15,75.,80.0,1.2,1.2,3,12:01:30.43290,12:01:59.43319,0.0,28.8,Level 15,0,
12:01:47.43307,Level 1,Level 14,75.,80.0,1.2,1.2,1,12:01:47.43307,12:02:15.43335,0.0,27.7,Level 14,0,
12:02:25.43345,Level 1,Level 13,75.,80.0,1.2,1.2,4,12:02:25.43345,12:03:46.43426,0.0,81.2,Level 13,0,
12:02:31.43351,Level 1,Level 8,75.,80.0,1.2,1.2,4,12:02:31.43351,12:03:16.43396,0.0,45.1,Level 8,0,
12:02:37.43357,Level 1,Level 11,75.,80.0,1.2,1.2,4,12:02:37.43357,12:03:32.43412,0.0,54.7,Level 11,0,
12:02:44.43364,Level 1,Level 2,75.,80.0,1.2,1.2,4,12:02:44.43364,12:02:57.43377,0.0,12.8,Level 2,0,
12:03:01.43381,Level 1,Level 9,75.,80.0,1.2,1.2,3,12:03:01.43381,12:03:26.43406,0.0,25.3,Level 9,0,
12:03:02.43382,Level 1,Level 11,75.,80.0,1.2,1.2,3,12:03:01.43381,12:03:41.43421,0.0,38.7,Level 11,0,
12:03:02.43382,Level 1,Level 15,75.,80.0,1.2,1.2,3,12:03:01.43381,12:04:09.43449,0.0,67.4,Level 15,0,
12:03:04.43384,Level 1,Level 13,75.,80.0,1.2,1.2,3,12:03:01.43381,12:03:55.43435,0.0,51.1,Level 13,0,
12:03:21.43401,Level 1,Level 15,75.,80.0,1.2,1.2,2,12:03:21.43401,12:03:50.43430,0.0,28.8,Level 15,0,
12:04:15.43455,Level 1,Level 11,75.,80.0,1.2,1.2,4,12:04:15.43455,12:04:39.43479,0.0,24.1,Level 11,0,
12:04:37.43477,Level 1,Level 6,75.,80.0,1.2,1.2,2,12:04:37.43477,12:04:55.43495,0.0,18.1,Level 6,0,
12:04:42.43482,Level 1,Level 10,75.,80.0,1.2,1.2,3,12:04:42.43482,12:05:05.43505,0.1,22.8,Level 10,0,
12:05:16.43516,Level 1,Level 14,75.,80.0,1.2,1.2,4,12:05:16.43516,12:05:57.43557,0.0,40.8,Level 14,0,
12:05:19.43519,Level 1,Level 12,75.,80.0,1.2,1.2,4,12:05:16.43516,12:05:42.43542,0.0,23.4,Level 12,0,
12:06:04.43564,Level 1,Level 14,75.,80.0,1.2,1.2,3,12:06:04.43564,12:07:14.43634,0.0,69.6,Level 14,0,
12:06:09.43569,Level 1,Level 14,75.,80.0,1.2,1.2,3,12:06:09.43569,12:07:14.43634,0.1,64.5,Level 14,0,
12:06:13.43573,Level 1,Level 9,75.,80.0,1.2,1.2,3,12:06:09.43569,12:06:54.43614,0.0,41.3,Level 9,0,
12:06:15.43575,Level 1,Level 8,75.,80.0,1.2,1.2,3,12:06:09.43569,12:06:41.43601,0.0,26.4,Level 8,0,
12:06:21.43581,Level 1,Level 9,75.,80.0,1.2,1.2,3,12:06:21.43581,12:06:54.43614,0.0,33.3,Level 9,0,
12:06:29.43589,Level 1,Level 12,75.,80.0,1.2,1.2,4,12:06:29.43589,12:06:54.43614,0.0,25.3,Level 12,0,
12:07:00.43620,Level 1,Level 11,75.,80.0,1.2,1.2,2,12:07:00.43620,12:07:24.43644,0.0,24.1,Level 11,0,
12:07:14.43634,Level 1,Level 2,75.,80.0,1.2,1.2,1,12:07:14.43634,12:07:27.43647,0.0,12.8,Level 2,0,
12:07:38.43658,Level 1,Level 4,75.,80.0,1.2,1.2,4,12:07:38.43658,12:08:18.43698,0.0,40.2,Level 4,0,
12:07:45.43665,Level 1,Level 2,75.,80.0,1.2,1.2,4,12:07:45.43665,12:08:04.43684,0.0,18.8,Level 2,0,
12:07:51.43671,Level 1,Level 16,75.,80.0,1.2,1.2,4,12:07:51.43671,12:08:45.43725,0.0,53.7,Level 16,0,
12:08:59.43739,Level 1,Level 4,75.,80.0,1.2,1.2,3,12:08:59.43739,12:09:27.43767,0.0,27.7,Level 4,0,
12:09:00.43740,Level 1,Level 6,75.,80.0,1.2,1.2,3,12:08:59.43739,12:09:52.43792,0.0,52.4,Level 6,0,
12:09:06.43746,Level 1,Level 16,75.,80.0,1.2,1.2,3,12:09:06.43746,12:10:16.43816,0.0,70.4,Level 16,0,
12:09:11.43751,Level 1,Level 5,75.,80.0,1.2,1.2,3,12:09:11.43751,12:09:40.43780,0.1,28.5,Level 5,0,
12:09:26.43766,Level 1,Level 16,75.,80.0,1.2,1.2,4,12:09:26.43766,12:10:31.43831,0.0,65.1,Level 16,0,
12:09:31.43771,Level 1,Level 7,75.,80.0,1.2,1.2,4,12:09:31.43771,12:09:56.43796,0.1,25.2,Level 7,0,
12:09:37.43777,Level 1,Level 14,75.,80.0,1.2,1.2,4,12:09:37.43777,12:10:17.43817,0.0,39.7,Level 14,0,
12:09:45.43785,Level 1,Level 14,75.,80.0,1.2,1.2,2,12:09:45.43785,12:10:27.43827,0.4,41.5,Level 14,0,
12:09:49.43789,Level 1,Level 8,75.,80.0,1.2,1.2,2,12:09:45.43785,12:10:08.43808,0.0,18.7,Level 8,0,
12:10:36.43836,Level 1,Level 9,75.,80.0,1.2,1.2,1,12:10:36.43836,12:11:19.43879,0.0,42.5,Level 9,0,
12:10:39.43839,Level 1,Level 15,75.,80.0,1.2,1.2,1,12:10:36.43836,12:11:39.43899,0.0,59.9,Level 15,0,
12:10:44.43844,Level 1,Level 2,75.,80.0,1.2,1.2,1,12:10:44.43844,12:10:58.43858,0.0,14.1,Level 2,0,
12:10:45.43845,Level 1,Level 9,75.,80.0,1.2,1.2,1,12:10:44.43844,12:11:19.43879,0.0,33.5,Level 9,0,
12:11:09.43869,Level 1,Level 14,75.,80.0,1.2,1.2,4,12:11:09.43869,12:11:37.43897,0.0,27.7,Level 14,0,
12:11:27.43887,Level 1,Level 3,75.,80.0,1.2,1.2,3,12:11:27.43887,12:11:41.43901,0.0,14.4,Level 3,0,
12:12:03.43923,Level 1,Level 13,75.,80.0,1.2,1.2,3,12:12:03.43923,12:12:56.43976,0.0,52.9,Level 13,0,
12:12:04.43924,Level 1,Level 7,75.,80.0,1.2,1.2,3,12:12:03.43923,12:12:25.43945,0.0,20.7,Level 7,0,
12:12:05.43925,Level 1,Level 11,75.,80.0,1.2,1.2,3,12:12:03.43923,12:12:42.43962,0.0,36.5,Level 11,0,
12:12:12.43932,Level 1,Level 14,75.,80.0,1.2,1.2,4,12:12:12.43932,12:12:40.43960,0.0,27.7,Level 14,0,
12:12:22.43942,Level 1,Level 3,75.,80.0,1.2,1.2,2,12:12:22.43942,12:12:39.43959,0.0,16.6,Level 3,0,
12:12:26.43946,Level 1,Level 7,75.,80.0,1.2,1.2,2,12:12:22.43942,12:12:55.43975,0.0,29.4,Level 7,0,
12:12:37.43957,Level 1,Level 7,75.,80.0,1.2,1.2,1,12:12:37.43957,12:12:56.43976,0.0,19.3,Level 7,0,
12:12:48.43968,Level 1,Level 9,75.,80.0,1.2,1.2,4,12:13:07.43987,12:13:58.44038,19.3,50.2,Level 9,0,
12:12:49.43969,Level 1,Level 15,75.,80.0,1.2,1.2,4,12:13:07.43987,12:14:17.44057,18.3,69.4,Level 15,0,
12:12:50.43970,Level 1,Level 8,75.,80.0,1.2,1.2,4,12:13:07.43987,12:13:45.44025,17.3,37.3,Level 8,0,
12:12:54.43974,Level 1,Level 15,75.,80.0,1.2,1.2,4,12:13:07.43987,12:14:17.44057,13.3,69.4,Level 15,0,
12:13:14.43994,Level 1,Level 3,75.,80.0,1.2,1.2,4,12:13:07.43987,12:13:27.44007,0.0,12.6,Level 3,0,
12:13:24.44004,Level 1,Level 9,75.,80.0,1.2,1.2,3,12:13:24.44004,12:14:20.44060,0.0,55.6,Level 9,0,
12:13:29.44009,Level 1,Level 15,75.,80.0,1.2,1.2,3,12:13:29.44009,12:14:39.44079,0.1,69.7,Level 15,0,
12:13:33.44013,Level 1,Level 6,75.,80.0,1.2,1.2,3,12:13:29.44009,12:14:04.44044,0.0,30.9,Level 6,0,
12:13:36.44016,Level 1,Level 2,75.,80.0,1.2,1.2,3,12:13:29.44009,12:13:47.44027,0.0,11.1,Level 2,0,
12:13:54.44034,Level 1,Level 6,75.,80.0,1.2,1.2,2,12:13:54.44034,12:14:19.44059,0.0,25.3,Level 6,0,
12:13:59.44039,Level 1,Level 14,75.,80.0,1.2,1.2,2,12:13:59.44039,12:14:42.44082,0.1,43.0,Level 14,0,
12:14:03.44043,Level 1,Level 6,75.,80.0,1.2,1.2,2,12:13:59.44039,12:14:19.44059,0.0,16.3,Level 6,0,
12:14:13.44053,Level 1,Level 2,75.,80.0,1.2,1.2,1,12:14:13.44053,12:14:32.44072,0.0,19.1,Level 2,0,
12:14:18.44058,Level 1,Level 7,75.,80.0,1.2,1.2,1,12:14:18.44058,12:14:50.44090,0.1,32.1,Level 7,0,
12:14:19.44059,Level 1,Level 14,75.,80.0,1.2,1.2,1,12:14:18.44058,12:15:11.44111,0.0,51.6,Level 14,0,
12:15:01.44101,Level 1,Level 9,75.,80.0,1.2,1.2,4,12:15:01.44101,12:15:23.44123,0.0,21.7,Level 9,0,
12:15:17.44117,Level 1,Level 8,75.,80.0,1.2,1.2,3,12:15:17.44117,12:15:37.44137,0.0,20.4,Level 8,0,
12:15:27.44127,Level 1,Level 5,75.,80.0,1.2,1.2,2,12:15:27.44127,12:16:06.44166,0.0,38.7,Level 5,0,
12:15:31.44131,Level 1,Level 2,75.,80.0,1.2,1.2,2,12:15:27.44127,12:15:50.44150,0.0,19.1,Level 2,0,
12:15:32.44132,Level 1,Level 11,75.,80.0,1.2,1.2,2,12:15:27.44127,12:16:48.44208,0.0,76.2,Level 11,0,
12:15:36.44136,Level 1,Level 7,75.,80.0,1.2,1.2,2,12:15:36.44136,12:16:31.44191,0.0,55.4,Level 7,0,
12:15:36.44136,Level 1,Level 6,75.,80.0,1.2,1.2,2,12:15:36.44136,12:16:19.44179,0.0,42.6,Level 6,0,
12:16:01.44161,Level 1,Level 13,75.,80.0,1.2,1.2,4,12:16:01.44161,12:16:27.44187,0.0,26.4,Level 13,0,
12:16:13.44173,Level 1,Level 5,75.,80.0,1.2,1.2,3,12:16:13.44173,12:16:30.44190,0.0,16.8,Level 5,0,
12:16:22.44182,Level 1,Level 12,75.,80.0,1.2,1.2,1,12:16:22.44182,12:17:05.44225,0.0,43.3,Level 12,0,
12:16:25.44185,Level 1,Level 4,75.,80.0,1.2,1.2,1,12:16:22.44182,12:16:41.44201,0.0,16.3,Level 4,0,
12:16:25.44185,Level 1,Level 4,75.,80.0,1.2,1.2,1,12:16:22.44182,12:16:41.44201,0.0,16.3,Level 4,0,
12:16:26.44186,Level 1,Level 4,75.,80.0,1.2,1.2,1,12:16:22.44182,12:16:41.44201,0.0,15.3,Level 4,0,
12:16:53.44213,Level 1,Level 8,75.,80.0,1.2,1.2,3,12:16:53.44213,12:17:13.44233,0.0,20.4,Level 8,0,
12:16:59.44219,Level 1,Level 9,75.,80.0,1.2,1.2,4,12:16:59.44219,12:17:21.44241,0.0,21.7,Level 9,0,
12:17:12.44232,Level 1,Level 13,75.,80.0,1.2,1.2,2,12:17:12.44232,12:18:01.44281,0.3,48.6,Level 13,0,
12:17:15.44235,Level 1,Level 8,75.,80.0,1.2,1.2,2,12:17:12.44232,12:17:42.44262,0.0,26.7,Level 8,0,
12:17:20.44240,Level 1,Level 8,75.,80.0,1.2,1.2,2,12:17:20.44240,12:17:42.44262,0.0,21.7,Level 8,0,
12:17:23.44243,Level 1,Level 13,75.,80.0,1.2,1.2,2,12:17:20.44240,12:18:01.44281,0.0,37.9,Level 13,0,
12:17:52.44272,Level 1,Level 7,75.,80.0,1.2,1.2,4,12:17:52.44272,12:18:35.44315,0.0,42.7,Level 7,0,
12:17:55.44275,Level 1,Level 15,75.,80.0,1.2,1.2,4,12:17:52.44272,12:19:08.44348,0.0,73.3,Level 15,0,
12:18:01.44281,Level 1,Level 3,75.,80.0,1.2,1.2,4,12:18:01.44281,12:18:18.44298,0.0,16.8,Level 3,0,
12:18:04.44284,Level 1,Level 9,75.,80.0,1.2,1.2,4,12:18:01.44281,12:18:49.44329,0.0,45.1,Level 9,0,
12:18:05.44285,Level 1,Level 16,75.,80.0,1.2,1.2,4,12:18:01.44281,12:19:21.44361,0.0,76.2,Level 16,0,
12:18:14.44294,Level 1,Level 15,75.,80.0,1.2,1.2,3,12:18:14.44294,12:18:56.44336,0.0,42.1,Level 15,0,
12:18:16.44296,Level 1,Level 8,75.,80.0,1.2,1.2,3,12:18:14.44294,12:18:36.44316,0.0,19.7,Level 8,0,
12:18:30.44310,Level 1,Level 7,75.,80.0,1.2,1.2,2,12:18:30.44310,12:18:50.44330,0.0,20.4,Level 7,0,
12:18:32.44312,Level 1,Level 7,75.,80.0,1.2,1.2,2,12:18:30.44310,12:18:50.44330,0.0,18.4,Level 7,0,
12:18:59.44339,Level 1,Level 5,75.,80.0,1.2,1.2,1,12:18:59.44339,12:19:30.44370,0.0,30.7,Level 5,0,
12:19:03.44343,Level 1,Level 4,75.,80.0,1.2,1.2,1,12:18:59.44339,12:19:17.44357,0.0,13.8,Level 4,0,
12:19:14.44354,Level 1,Level 12,75.,80.0,1.2,1.2,2,12:19:14.44354,12:20:20.44420,0.0,66.4,Level 12,0,
12:19:16.44356,Level 1,Level 9,75.,80.0,1.2,1.2,2,12:19:14.44354,12:19:42.44382,0.0,25.8,Level 9,0,
12:19:19.44359,Level 1,Level 11,75.,80.0,1.2,1.2,2,12:19:14.44354,12:20:08.44408,0.0,48.6,Level 11,0,
12:19:22.44362,Level 1,Level 10,75.,80.0,1.2,1.2,2,12:19:14.44354,12:19:55.44395,0.0,32.7,Level 10,0,
12:19:27.44367,Level 1,Level 12,75.,80.0,1.2,1.2,3,12:19:27.44367,12:19:53.44393,0.0,26.4,Level 12,0,
12:19:30.44370,Level 1,Level 14,75.,80.0,1.2,1.2,3,12:19:27.44367,12:20:08.44408,0.0,37.8,Level 14,0,
12:19:57.44397,Level 1,Level 16,75.,80.0,1.2,1.2,4,12:19:57.44397,12:21:21.44481,0.0,84.2,Level 16,0,
12:19:59.44399,Level 1,Level 3,75.,80.0,1.2,1.2,4,12:19:57.44397,12:20:29.44429,0.0,29.6,Level 3,0,
12:20:04.44404,Level 1,Level 16,75.,80.0,1.2,1.2,4,12:20:04.44404,12:21:21.44481,0.0,77.2,Level 16,0,
12:20:08.44408,Level 1,Level 9,75.,80.0,1.2,1.2,4,12:20:04.44404,12:21:01.44461,0.0,52.7,Level 9,0,
12:20:13.44413,Level 1,Level 4,75.,80.0,1.2,1.2,4,12:20:13.44413,12:20:41.44441,0.0,28.4,Level 4,0,
12:20:14.44414,Level 1,Level 4,75.,80.0,1.2,1.2,4,12:20:13.44413,12:20:41.44441,0.0,27.4,Level 4,0,
12:20:27.44427,Level 1,Level 15,75.,80.0,1.2,1.2,1,12:20:27.44427,12:20:56.44456,0.0,28.8,Level 15,0,
12:20:39.44439,Level 1,Level 11,75.,80.0,1.2,1.2,3,12:20:39.44439,12:21:06.44466,0.0,27.3,Level 11,0,
12:20:40.44440,Level 1,Level 14,75.,80.0,1.2,1.2,3,12:20:39.44439,12:21:22.44482,0.0,41.9,Level 14,0,
12:20:44.44444,Level 1,Level 16,75.,80.0,1.2,1.2,3,12:20:39.44439,12:21:36.44496,0.0,52.3,Level 16,0,
12:20:59.44459,Level 1,Level 4,75.,80.0,1.2,1.2,2,12:20:59.44459,12:21:15.44475,0.0,15.7,Level 4,0,
12:21:17.44477,Level 1,Level 3,75.,80.0,1.2,1.2,1,12:21:25.44485,12:21:44.44504,7.7,19.2,Level 3,0,
12:21:18.44478,Level 1,Level 7,75.,80.0,1.2,1.2,1,12:21:25.44485,12:22:01.44521,6.7,36.1,Level 7,0,
12:21:22.44482,Level 1,Level 14,75.,80.0,1.2,1.2,1,12:21:25.44485,12:22:21.44541,2.7,56.5,Level 14,0,
12:21:25.44485,Level 1,Level 16,75.,80.0,1.2,1.2,1,12:21:25.44485,12:22:37.44557,0.0,71.8,Level 16,0,
12:21:31.44491,Level 1,Level 14,75.,80.0,1.2,1.2,1,12:21:25.44485,12:22:21.44541,0.0,50.2,Level 14,0,
12:21:35.44495,Level 1,Level 7,75.,80.0,1.2,1.2,2,12:21:35.44495,12:22:19.44539,0.0,44.3,Level 7,0,
12:21:35.44495,Level 1,Level 4,75.,80.0,1.2,1.2,2,12:21:35.44495,12:22:04.44524,0.0,28.7,Level 4,0,
12:21:40.44500,Level 1,Level 15,75.,80.0,1.2,1.2,2,12:21:35.44495,12:22:53.44573,0.0,72.6,Level 15,0,
12:21:42.44502,Level 1,Level 15,75.,80.0,1.2,1.2,2,12:21:35.44495,12:22:53.44573,0.0,70.6,Level 15,0,
12:21:48.44508,Level 1,Level 8,75.,80.0,1.2,1.2,2,12:21:48.44508,12:22:32.44552,0.0,44.2,Level 8,0,
12:21:55.44515,Level 1,Level 5,75.,80.0,1.2,1.2,4,12:21:55.44515,12:22:12.44532,0.0,16.8,Level 5,0,
12:22:10.44530,Level 1,Level 14,75.,80.0,1.2,1.2,3,12:22:10.44530,12:23:11.44591,0.0,60.9,Level 14,0,
12:22:17.44537,Level 1,Level 9,75.,80.0,1.2,1.2,3,12:22:17.44537,12:22:41.44561,0.0,23.8,Level 9,0,
12:22:21.44541,Level 1,Level 11,75.,80.0,1.2,1.2,3,12:22:17.44537,12:22:55.44575,0.0,34.2,Level 11,0,
12:22:28.44548,Level 1,Level 16,75.,80.0,1.2,1.2,4,12:22:29.44549,12:23:12.44592,0.8,43.2,Level 16,0,
12:22:30.44550,Level 1,Level 3,75.,80.0,1.2,1.2,4,12:22:29.44549,12:22:44.44564,0.0,14.3,Level 3,0,
12:22:44.44564,Level 1,Level 2,75.,80.0,1.2,1.2,1,12:23:07.44587,12:23:27.44607,22.9,20.1,Level 2,0,
12:22:46.44566,Level 1,Level 3,75.,80.0,1.2,1.2,1,12:23:07.44587,12:23:41.44621,20.9,34.1,Level 3,0,
12:22:52.44572,Level 1,Level 2,75.,80.0,1.2,1.2,1,12:23:07.44587,12:23:27.44607,14.9,20.1,Level 2,0,
12:22:54.44574,Level 1,Level 10,75.,80.0,1.2,1.2,1,12:23:07.44587,12:24:26.44666,12.9,79.4,Level 10,0,
12:23:01.44581,Level 1,Level 4,75.,80.0,1.2,1.2,1,12:23:07.44587,12:23:54.44634,5.9,47.0,Level 4,0,
12:23:09.44589,Level 1,Level 6,75.,80.0,1.2,1.2,1,12:23:07.44587,12:24:10.44650,0.0,60.5,Level 6,0,
12:23:14.44594,Level 1,Level 4,75.,80.0,1.2,1.2,1,12:23:07.44587,12:23:54.44634,0.0,39.9,Level 4,0,
12:23:25.44605,Level 1,Level 11,75.,80.0,1.2,1.2,2,12:23:25.44605,12:24:04.44644,0.0,39.2,Level 11,0,
12:23:27.44607,Level 1,Level 3,75.,80.0,1.2,1.2,2,12:23:25.44605,12:23:43.44623,0.0,15.6,Level 3,0,
12:23:30.44610,Level 1,Level 12,75.,80.0,1.2,1.2,2,12:23:25.44605,12:24:17.44657,0.0,47.1,Level 12,0,
12:23:38.44618,Level 1,Level 12,75.,80.0,1.2,1.2,3,12:23:39.44619,12:24:04.44644,0.6,25.3,Level 12,0,
12:23:46.44626,Level 1,Level 3,75.,80.0,1.2,1.2,4,12:23:46.44626,12:24:22.44662,0.0,35.9,Level 3,0,
12:23:49.44629,Level 1,Level 8,75.,80.0,1.2,1.2,4,12:23:46.44626,12:24:40.44680,0.0,50.9,Level 8,0,
12:23:55.44635,Level 1,Level 2,75.,80.0,1.2,1.2,4,12:23:55.44635,12:24:09.44649,0.0,14.1,Level 2,0,
12:23:56.44636,Level 1,Level 13,75.,80.0,1.2,1.2,4,12:23:55.44635,12:24:58.44698,0.0,62.0,Level 13,0,
12:24:11.44651,Level 1,Level 4,75.,80.0,1.2,1.2,3,12:24:29.44669,12:25:22.44722,18.2,52.4,Level 4,0,
12:24:13.44653,Level 1,Level 2,75.,80.0,1.2,1.2,3,12:24:29.44669,12:24:56.44696,16.2,26.7,Level 2,0,
12:24:21.44661,Level 1,Level 9,75.,80.0,1.2,1.2,3,12:24:29.44669,12:25:51.44751,8.2,82.1,Level 9,0,
12:24:24.44664,Level 1,Level 11,75.,80.0,1.2,1.2,3,12:24:29.44669,12:26:06.44766,5.2,96.5,Level 11,0,
12:24:33.44673,Level 1,Level 13,75.,80.0,1.2,1.2,3,12:24:29.44669,12:26:20.44780,0.0,107.1,Level 13,0,
12:24:36.44676,Level 1,Level 8,75.,80.0,1.2,1.2,3,12:24:29.44669,12:25:38.44738,0.0,62.4,Level 8,0,
12:24:43.44683,Level 1,Level 3,75.,80.0,1.2,1.2,3,12:24:43.44683,12:25:09.44709,0.0,25.7,Level 3,0,
12:24:52.44692,Level 1,Level 12,75.,80.0,1.2,1.2,2,12:24:52.44692,12:25:18.44718,0.0,26.4,Level 12,0,
12:24:55.44695,Level 1,Level 16,75.,80.0,1.2,1.2,2,12:24:52.44692,12:25:35.44735,0.0,40.3,Level 16,0,
12:25:18.44718,Level 1,Level 14,75.,80.0,1.2,1.2,1,12:25:18.44718,12:25:59.44759,0.0,40.9,Level 14,0,
12:25:20.44720,Level 1,Level 8,75.,80.0,1.2,1.2,1,12:25:18.44718,12:25:40.44740,0.0,19.7,Level 8,0,
12:25:30.44730,Level 1,Level 11,75.,80.0,1.2,1.2,4,12:25:30.44730,12:25:54.44754,0.0,24.1,Level 11,0,
12:25:38.44738,Level 1,Level 13,75.,80.0,1.2,1.2,2,12:26:05.44765,12:27:51.44871,27.4,105.1,Level 13,0,
12:25:44.44744,Level 1,Level 4,75.,80.0,1.2,1.2,2,12:26:05.44765,12:26:52.44812,21.4,46.9,Level 4,0,
12:25:46.44746,Level 1,Level 3,75.,80.0,1.2,1.2,2,12:26:05.44765,12:26:40.44800,19.4,34.1,Level 3,0,
12:25:48.44748,Level 1,Level 8,75.,80.0,1.2,1.2,2,12:26:05.44765,12:27:32.44852,17.4,87.0,Level 8,0,
12:26:00.44760,Level 1,Level 5,75.,80.0,1.2,1.2,2,12:26:05.44765,12:27:05.44825,5.4,59.8,Level 5,0,
12:26:07.44767,Level 1,Level 7,75.,80.0,1.2,1.2,2,12:26:05.44765,12:27:20.44840,0.0,72.6,Level 7,0,
12:26:07.44767,Level 1,Level 16,75.,80.0,1.2,1.2,2,12:26:05.44765,12:28:06.44886,0.0,119.2,Level 16,0,
12:26:08.44768,Level 1,Level 2,75.,80.0,1.2,1.2,2,12:26:05.44765,12:26:27.44787,0.0,18.7,Level 2,0,
12:26:31.44791,Level 1,Level 5,75.,80.0,1.2,1.2,4,12:26:31.44791,12:27:00.44820,0.0,29.1,Level 5,0,
12:26:31.44791,Level 1,Level 9,75.,80.0,1.2,1.2,4,12:26:31.44791,12:27:41.44861,0.0,70.3,Level 9,0,
12:26:32.44792,Level 1,Level 5,75.,80.0,1.2,1.2,4,12:26:31.44791,12:27:00.44820,0.0,28.1,Level 5,0,
12:26:37.44797,Level 1,Level 7,75.,80.0,1.2,1.2,4,12:26:31.44791,12:27:27.44847,0.0,49.9,Level 7,0,
12:26:42.44802,Level 1,Level 12,75.,80.0,1.2,1.2,4,12:26:42.44802,12:27:57.44877,0.0,75.0,Level 12,0,
12:26:44.44804,Level 1,Level 6,75.,80.0,1.2,1.2,4,12:26:42.44802,12:27:14.44834,0.0,30.1,Level 6,0,
12:26:52.44812,Level 1,Level 8,75.,80.0,1.2,1.2,3,12:26:52.44812,12:27:12.44832,0.0,20.4,Level 8,0,
12:27:02.44822,Level 1,Level 5,75.,80.0,1.2,1.2,1,12:27:02.44822,12:27:47.44867,0.0,44.7,Level 5,0,
12:27:07.44827,Level 1,Level 10,75.,80.0,1.2,1.2,1,12:27:07.44827,12:28:18.44898,0.1,70.9,Level 10,0,
12:27:14.44834,Level 1,Level 5,75.,80.0,1.2,1.2,1,12:27:14.44834,12:27:47.44867,0.0,32.7,Level 5,0,
12:27:14.44834,Level 1,Level 8,75.,80.0,1.2,1.2,1,12:27:14.44834,12:28:04.44884,0.0,49.6,Level 8,0,
12:27:16.44836,Level 1,Level 2,75.,80.0,1.2,1.2,1,12:27:14.44834,12:27:31.44851,0.0,15.1,Level 2,0,
12:27:20.44840,Level 1,Level 13,75.,80.0,1.2,1.2,1,12:27:14.44834,12:28:34.44914,0.0,73.6,Level 13,0,
12:27:28.44848,Level 1,Level 10,75.,80.0,1.2,1.2,3,12:27:33.44853,12:27:57.44877,4.9,24.1,Level 10,0,
12:27:32.44852,Level 1,Level 10,75.,80.0,1.2,1.2,3,12:27:33.44853,12:27:57.44877,0.9,24.1,Level 10,0,
12:27:44.44864,Level 1,Level 15,75.,80.0,1.2,1.2,3,12:28:21.44901,12:30:02.45002,37.1,100.7,Level 15,0,
12:27:46.44866,Level 1,Level 13,75.,80.0,1.2,1.2,3,12:28:21.44901,12:29:36.44976,35.1,75.0,Level 13,0,
12:27:48.44868,Level 1,Level 8,75.,80.0,1.2,1.2,3,12:28:21.44901,12:29:16.44956,33.1,54.6,Level 8,0,
12:27:50.44870,Level 1,Level 7,75.,80.0,1.2,1.2,3,12:28:21.44901,12:29:03.44943,31.1,41.7,Level 7,0,
12:27:55.44875,Level 1,Level 2,75.,80.0,1.2,1.2,3,12:28:21.44901,12:28:45.44925,26.1,23.7,Level 2,0,
12:27:55.44875,Level 1,Level 8,75.,80.0,1.2,1.2,3,12:28:21.44901,12:29:16.44956,26.1,54.6,Level 8,0,
12:28:00.44880,Level 1,Level 15,75.,80.0,1.2,1.2,3,12:28:21.44901,12:30:02.45002,21.1,100.7,Level 15,0,
12:28:04.44884,Level 1,Level 16,75.,80.0,1.2,1.2,3,12:28:21.44901,12:30:16.45016,17.1,114.7,Level 16,0,
12:28:08.44888,Level 1,Level 8,75.,80.0,1.2,1.2,3,12:28:21.44901,12:29:16.44956,13.1,54.6,Level 8,0,
12:28:10.44890,Level 1,Level 14,75.,80.0,1.2,1.2,3,12:28:21.44901,12:29:49.44989,11.1,87.8,Level 14,0,
12:28:11.44891,Level 1,Level 8,75.,80.0,1.2,1.2,4,12:28:40.44920,12:29:36.44976,28.8,56.1,Level 8,0,
12:28:12.44892,Level 1,Level 12,75.,80.0,1.2,1.2,4,12:28:40.44920,12:30:04.45004,27.8,84.6,Level 12,0,
12:28:19.44899,Level 1,Level 7,75.,80.0,1.2,1.2,4,12:28:40.44920,12:29:23.44963,20.8,43.2,Level 7,0,
12:28:20.44900,Level 1,Level 12,75.,80.0,1.2,1.2,4,12:28:40.44920,12:30:04.45004,19.8,84.6,Level 12,0,
12:28:20.44900,Level 1,Level 12,75.,80.0,1.2,1.2,4,12:28:40.44920,12:30:04.45004,19.8,84.6,Level 12,0,
12:28:22.44902,Level 1,Level 3,75.,80.0,1.2,1.2,4,12:28:40.44920,12:29:05.44945,17.8,25.2,Level 3,0,
12:28:22.44902,Level 1,Level 11,75.,80.0,1.2,1.2,4,12:28:40.44920,12:29:52.44992,17.8,71.7,Level 11,0,
12:28:26.44906,Level 1,Level 3,75.,80.0,1.2,1.2,4,12:28:40.44920,12:29:05.44945,13.8,25.2,Level 3,0,
12:28:27.44907,Level 1,Level 14,75.,80.0,1.2,1.2,4,12:28:40.44920,12:30:21.45021,12.8,101.4,Level 14,0,
12:28:33.44913,Level 1,Level 16,75.,80.0,1.2,1.2,4,12:28:40.44920,12:30:36.45036,6.8,115.8,Level 16,0,
12:28:44.44924,Level 1,Level 2,75.,80.0,1.2,1.2,2,12:28:59.44939,12:29:32.44972,14.6,33.3,Level 2,0,
12:28:50.44930,Level 1,Level 8,75.,80.0,1.2,1.2,2,12:28:59.44939,12:30:38.45038,8.6,99.1,Level 8,0,
12:28:51.44931,Level 1,Level 8,75.,80.0,1.2,1.2,2,12:28:59.44939,12:30:38.45038,7.6,99.1,Level 8,0,
12:28:54.44934,Level 1,Level 16,75.,80.0,1.2,1.2,2,12:28:59.44939,12:31:24.45084,4.6,145.6,Level 16,0,
12:28:54.44934,Level 1,Level 6,75.,80.0,1.2,1.2,2,12:28:59.44939,12:30:12.45012,4.6,73.4,Level 6,0,
12:28:56.44936,Level 1,Level 5,75.,80.0,1.2,1.2,2,12:28:59.44939,12:29:59.44999,2.6,60.6,Level 5,0,
12:28:56.44936,Level 1,Level 7,75.,80.0,1.2,1.2,2,12:28:59.44939,12:30:25.45025,2.6,86.2,Level 7,0,
12:28:59.44939,Level 1,Level 14,75.,80.0,1.2,1.2,2,12:28:59.44939,12:31:10.45070,0.0,130.8,Level 14,0,
12:29:14.44954,Level 1,Level 9,75.,80.0,1.2,1.2,2,12:29:14.44954,12:30:52.45052,0.0,97.7,Level 9,0,
12:29:19.44959,Level 1,Level 3,75.,80.0,1.2,1.2,2,12:29:19.44959,12:29:45.44985,0.1,25.7,Level 3,0,
12:29:22.44962,Level 1,Level 11,75.,80.0,1.2,1.2,1,12:29:27.44967,12:30:25.45025,5.0,57.6,Level 11,0,
12:29:24.44964,Level 1,Level 2,75.,80.0,1.2,1.2,1,12:29:27.44967,12:29:49.44989,3.0,21.8,Level 2,0,
12:29:32.44972,Level 1,Level 3,75.,80.0,1.2,1.2,1,12:29:27.44967,12:30:02.45002,0.0,29.7,Level 3,0,
12:29:36.44976,Level 1,Level 3,75.,80.0,1.2,1.2,1,12:29:36.44976,12:30:02.45002,0.0,25.7,Level 3,0,
12:29:47.44987,Level 1,Level 16,75.,80.0,1.2,1.2,3,12:30:46.45046,12:32:51.45171,58.9,124.7,Level 16,0,
12:29:53.44993,Level 1,Level 9,75.,80.0,1.2,1.2,3,12:30:46.45046,12:32:05.45125,52.9,79.4,Level 9,0,
12:29:57.44997,Level 1,Level 16,75.,80.0,1.2,1.2,3,12:30:46.45046,12:32:51.45171,48.9,124.7,Level 16,0,
12:30:06.45006,Level 1,Level 3,75.,80.0,1.2,1.2,3,12:30:46.45046,12:31:11.45071,39.9,25.2,Level 3,0,
12:30:09.45009,Level 1,Level 10,75.,80.0,1.2,1.2,3,12:30:46.45046,12:32:18.45138,36.9,92.2,Level 10,0,
12:30:15.45015,Level 1,Level 5,75.,80.0,1.2,1.2,3,12:30:46.45046,12:31:37.45097,30.9,50.9,Level 5,0,
12:30:18.45018,Level 1,Level 13,75.,80.0,1.2,1.2,3,12:30:46.45046,12:32:34.45154,27.9,107.9,Level 13,0,
12:30:18.45018,Level 1,Level 4,75.,80.0,1.2,1.2,3,12:30:46.45046,12:31:24.45084,27.9,38.0,Level 4,0,
12:30:18.45018,Level 1,Level 13,75.,80.0,1.2,1.2,3,12:30:46.45046,12:32:34.45154,27.9,107.9,Level 13,0,
12:30:23.45023,Level 1,Level 8,75.,80.0,1.2,1.2,3,12:30:46.45046,12:31:52.45112,22.9,66.5,Level 8,0,
12:30:25.45025,Level 1,Level 12,75.,80.0,1.2,1.2,1,12:31:05.45065,12:32:39.45159,39.7,94.7,Level 12,0,
12:30:26.45026,Level 1,Level 16,75.,80.0,1.2,1.2,1,12:31:05.45065,12:33:00.45180,38.7,115.2,Level 16,0,
12:30:26.45026,Level 1,Level 12,75.,80.0,1.2,1.2,1,12:31:05.45065,12:32:39.45159,38.7,94.7,Level 12,0,
12:30:31.45031,Level 1,Level 12,75.,80.0,1.2,1.2,1,12:31:05.45065,12:32:39.45159,33.7,94.7,Level 12,0,
12:30:47.45047,Level 1,Level 6,75.,80.0,1.2,1.2,1,12:31:05.45065,12:31:57.45117,17.7,52.2,Level 6,0,
12:30:48.45048,Level 1,Level 2,75.,80.0,1.2,1.2,1,12:31:05.45065,12:31:28.45088,16.7,23.7,Level 2,0,
12:30:49.45049,Level 1,Level 5,75.,80.0,1.2,1.2,1,12:31:05.45065,12:31:44.45104,15.7,39.3,Level 5,0,
12:30:51.45051,Level 1,Level 12,75.,80.0,1.2,1.2,1,12:31:05.45065,12:32:39.45159,13.7,94.7,Level 12,0,
12:30:54.45054,Level 1,Level 7,75.,80.0,1.2,1.2,1,12:31:05.45065,12:32:10.45130,10.7,65.0,Level 7,0,
12:30:57.45057,Level 1,Level 11,75.,80.0,1.2,1.2,1,12:31:05.45065,12:32:27.45147,7.7,81.8,Level 11,0,
12:30:59.45059,Level 1,Level 11,75.,80.0,1.2,1.2,4,12:31:23.45083,12:32:58.45178,24.4,94.1,Level 11,0,
12:31:01.45061,Level 1,Level 6,75.,80.0,1.2,1.2,4,12:31:23.45083,12:32:16.45136,22.4,52.4,Level 6,0,
12:31:06.45066,Level 1,Level 15,75.,80.0,1.2,1.2,4,12:31:23.45083,12:33:39.45219,17.4,135.4,Level 15,0,
12:31:08.45068,Level 1,Level 3,75.,80.0,1.2,1.2,4,12:31:23.45083,12:31:49.45109,15.4,25.2,Level 3,0,
12:31:15.45075,Level 1,Level 14,75.,80.0,1.2,1.2,4,12:31:23.45083,12:33:25.45205,8.4,121.3,Level 14,0,
12:31:25.45085,Level 1,Level 13,75.,80.0,1.2,1.2,4,12:31:23.45083,12:33:12.45192,0.0,106.9,Level 13,0,
12:31:26.45086,Level 1,Level 7,75.,80.0,1.2,1.2,4,12:31:23.45083,12:32:29.45149,0.0,62.7,Level 7,0,
12:31:31.45091,Level 1,Level 4,75.,80.0,1.2,1.2,4,12:31:23.45083,12:32:01.45121,0.0,30.4,Level 4,0,
12:31:32.45092,Level 1,Level 9,75.,80.0,1.2,1.2,4,12:31:23.45083,12:32:43.45163,0.0,71.1,Level 9,0,
12:31:36.45096,Level 1,Level 14,75.,80.0,1.2,1.2,4,12:31:23.45083,12:33:25.45205,0.0,108.7,Level 14,0,
12:31:42.45102,Level 1,Level 14,75.,80.0,1.2,1.2,2,12:31:54.45114,12:33:23.45203,12.3,89.1,Level 14,0,
12:31:43.45103,Level 1,Level 4,75.,80.0,1.2,1.2,2,12:31:54.45114,12:32:35.45155,11.3,40.9,Level 4,0,
12:31:45.45105,Level 1,Level 11,75.,80.0,1.2,1.2,2,12:31:54.45114,12:33:08.45188,9.3,73.4,Level 11,0,
12:31:55.45115,Level 1,Level 16,75.,80.0,1.2,1.2,2,12:31:54.45114,12:33:38.45218,0.0,102.8,Level 16,0,
12:32:02.45122,Level 1,Level 2,75.,80.0,1.2,1.2,2,12:31:54.45114,12:32:21.45141,0.0,18.8,Level 2,0,
12:32:08.45128,Level 1,Level 7,75.,80.0,1.2,1.2,2,12:32:08.45128,12:32:51.45171,0.0,42.9,Level 7,0,
12:32:16.45136,Level 1,Level 7,75.,80.0,1.2,1.2,3,12:33:22.45202,12:34:27.45267,65.9,65.3,Level 7,0,
12:32:29.45149,Level 1,Level 3,75.,80.0,1.2,1.2,3,12:33:22.45202,12:33:47.45227,52.9,25.2,Level 3,0,
12:32:29.45149,Level 1,Level 10,75.,80.0,1.2,1.2,3,12:33:22.45202,12:34:43.45283,52.9,80.9,Level 10,0,
12:32:31.45151,Level 1,Level 5,75.,80.0,1.2,1.2,3,12:33:22.45202,12:34:13.45253,50.9,50.9,Level 5,0,
12:32:43.45163,Level 1,Level 12,75.,80.0,1.2,1.2,3,12:33:22.45202,12:34:57.45297,38.9,95.3,Level 12,0,
12:32:49.45169,Level 1,Level 12,75.,80.0,1.2,1.2,3,12:33:22.45202,12:34:57.45297,32.9,95.3,Level 12,0,
12:32:59.45179,Level 1,Level 13,75.,80.0,1.2,1.2,3,12:33:22.45202,12:35:11.45311,22.9,109.4,Level 13,0,
12:33:02.45182,Level 1,Level 15,75.,80.0,1.2,1.2,3,12:33:22.45202,12:35:27.45327,19.9,125.0,Level 15,0,
12:33:03.45183,Level 1,Level 4,75.,80.0,1.2,1.2,3,12:33:22.45202,12:34:00.45240,18.9,38.0,Level 4,0,
12:33:07.45187,Level 1,Level 13,75.,80.0,1.2,1.2,3,12:33:22.45202,12:35:11.45311,14.9,109.4,Level 13,0,
12:33:08.45188,Level 1,Level 16,75.,80.0,1.2,1.2,1,12:33:41.45221,12:35:36.45336,32.7,115.4,Level 16,0,
12:33:11.45191,Level 1,Level 8,75.,80.0,1.2,1.2,1,12:33:41.45221,12:34:36.45276,29.7,55.7,Level 8,0,
12:33:16.45196,Level 1,Level 11,75.,80.0,1.2,1.2,1,12:33:41.45221,12:35:05.45305,24.7,84.2,Level 11,0,
12:33:19.45199,Level 1,Level 2,75.,80.0,1.2,1.2,1,12:33:41.45221,12:34:04.45244,21.7,23.7,Level 2,0,
12:33:35.45215,Level 1,Level 8,75.,80.0,1.2,1.2,1,12:33:41.45221,12:34:36.45276,5.7,55.7,Level 8,0,
12:33:40.45220,Level 1,Level 7,75.,80.0,1.2,1.2,1,12:33:41.45221,12:34:24.45264,0.7,42.9,Level 7,0,
12:33:41.45221,Level 1,Level 14,75.,80.0,1.2,1.2,1,12:33:41.45221,12:35:22.45322,0.0,100.7,Level 14,0,
12:33:46.45226,Level 1,Level 2,75.,80.0,1.2,1.2,1,12:33:41.45221,12:34:04.45244,0.0,18.3,Level 2,0,
12:33:48.45228,Level 1,Level 9,75.,80.0,1.2,1.2,1,12:33:41.45221,12:34:50.45290,0.0,62.4,Level 9,0,
12:33:49.45229,Level 1,Level 11,75.,80.0,1.2,1.2,1,12:33:41.45221,12:35:05.45305,0.0,75.8,Level 11,0,
12:33:54.45234,Level 1,Level 7,75.,80.0,1.2,1.2,4,12:34:08.45248,12:35:05.45305,13.7,56.8,Level 7,0,
12:33:57.45237,Level 1,Level 10,75.,80.0,1.2,1.2,4,12:34:08.45248,12:35:21.45321,10.7,73.7,Level 10,0,
12:33:58.45238,Level 1,Level 2,75.,80.0,1.2,1.2,4,12:34:08.45248,12:34:32.45272,9.7,24.4,Level 2,0,
12:34:03.45243,Level 1,Level 4,75.,80.0,1.2,1.2,4,12:34:08.45248,12:34:48.45288,4.7,40.0,Level 4,0,
12:34:05.45245,Level 1,Level 16,75.,80.0,1.2,1.2,4,12:34:08.45248,12:35:42.45342,2.7,94.1,Level 16,0,
12:34:07.45247,Level 1,Level 10,75.,80.0,1.2,1.2,4,12:34:08.45248,12:35:21.45321,0.7,73.7,Level 10,0,
12:34:13.45253,Level 1,Level 7,75.,80.0,1.2,1.2,4,12:34:08.45248,12:35:05.45305,0.0,51.5,Level 7,0,
12:34:17.45257,Level 1,Level 4,75.,80.0,1.2,1.2,4,12:34:08.45248,12:34:48.45288,0.0,30.7,Level 4,0,
12:34:19.45259,Level 1,Level 2,75.,80.0,1.2,1.2,4,12:34:08.45248,12:34:32.45272,0.0,13.1,Level 2,0,
12:34:21.45261,Level 1,Level 16,75.,80.0,1.2,1.2,4,12:34:08.45248,12:35:42.45342,0.0,80.8,Level 16,0,
12:34:26.45266,Level 1,Level 13,75.,80.0,1.2,1.2,2,12:34:27.45267,12:36:04.45364,1.2,96.7,Level 13,0,
12:34:29.45269,Level 1,Level 15,75.,80.0,1.2,1.2,2,12:34:27.45267,12:36:21.45381,0.0,111.6,Level 15,0,
12:34:31.45271,Level 1,Level 5,75.,80.0,1.2,1.2,2,12:34:27.45267,12:35:17.45317,0.0,45.9,Level 5,0,
12:34:33.45273,Level 1,Level 5,75.,80.0,1.2,1.2,2,12:34:27.45267,12:35:17.45317,0.0,43.9,Level 5,0,
12:34:37.45277,Level 1,Level 16,75.,80.0,1.2,1.2,2,12:34:37.45277,12:36:33.45393,0.0,116.4,Level 16,0,
12:34:38.45278,Level 1,Level 8,75.,80.0,1.2,1.2,2,12:34:37.45277,12:35:34.45334,0.0,55.7,Level 8,0,
12:34:41.45281,Level 1,Level 13,75.,80.0,1.2,1.2,2,12:34:37.45277,12:36:04.45364,0.0,82.8,Level 13,0,
12:34:46.45286,Level 1,Level 10,75.,80.0,1.2,1.2,2,12:34:46.45286,12:35:48.45348,0.0,62.2,Level 10,0,
12:34:46.45286,Level 1,Level 2,75.,80.0,1.2,1.2,2,12:34:46.45286,12:35:01.45301,0.0,15.3,Level 2,0,
12:34:46.45286,Level 1,Level 13,75.,80.0,1.2,1.2,2,12:34:46.45286,12:36:04.45364,0.0,77.8,Level 13,0,
12:34:47.45287,Level 1,Level 5,75.,80.0,1.2,1.2,3,12:35:56.45356,12:36:51.45411,68.7,55.7,Level 5,0,
12:34:48.45288,Level 1,Level 4,75.,80.0,1.2,1.2,3,12:35:56.45356,12:36:37.45397,67.7,41.7,Level 4,0,
12:34:49.45289,Level 1,Level 3,75.,80.0,1.2,1.2,3,12:35:56.45356,12:36:21.45381,66.7,25.2,Level 3,0,
12:34:49.45289,Level 1,Level 13,75.,80.0,1.2,1.2,3,12:35:56.45356,12:37:14.45434,66.7,78.6,Level 13,0,
12:34:52.45292,Level 1,Level 5,75.,80.0,1.2,1.2,3,12:35:56.45356,12:36:51.45411,63.7,55.7,Level 5,0,
12:34:57.45297,Level 1,Level 4,75.,80.0,1.2,1.2,3,12:35:56.45356,12:36:37.45397,58.7,41.7,Level 4,0,
12:35:00.45300,Level 1,Level 3,75.,80.0,1.2,1.2,3,12:35:56.45356,12:36:21.45381,55.7,25.2,Level 3,0,
12:35:05.45305,Level 1,Level 3,75.,80.0,1.2,1.2,3,12:35:56.45356,12:36:21.45381,50.7,25.2,Level 3,0,
12:35:06.45306,Level 1,Level 16,75.,80.0,1.2,1.2,3,12:35:56.45356,12:37:30.45450,49.7,94.2,Level 16,0,
12:35:07.45307,Level 1,Level 3,75.,80.0,1.2,1.2,3,12:35:56.45356,12:36:21.45381,48.7,25.2,Level 3,0,
12:35:07.45307,Level 1,Level 2,75.,80.0,1.2,1.2,4,12:36:15.45375,12:36:38.45398,67.5,23.7,Level 2,0,
12:35:10.45310,Level 1,Level 13,75.,80.0,1.2,1.2,4,12:36:15.45375,12:38:16.45496,64.5,121.0,Level 13,0,
12:35:10.45310,Level 1,Level 4,75.,80.0,1.2,1.2,4,12:36:15.45375,12:37:04.45424,64.5,49.3,Level 4,0,
12:35:15.45315,Level 1,Level 8,75.,80.0,1.2,1.2,4,12:36:15.45375,12:37:34.45454,59.5,79.3,Level 8,0,
12:35:18.45318,Level 1,Level 16,75.,80.0,1.2,1.2,4,12:36:15.45375,12:38:31.45511,56.5,136.7,Level 16,0,
12:35:20.45320,Level 1,Level 9,75.,80.0,1.2,1.2,4,12:36:15.45375,12:37:47.45467,54.5,92.2,Level 9,0,
12:35:20.45320,Level 1,Level 11,75.,80.0,1.2,1.2,4,12:36:15.45375,12:38:01.45481,54.5,106.6,Level 11,0,
12:35:25.45325,Level 1,Level 6,75.,80.0,1.2,1.2,4,12:36:15.45375,12:37:19.45439,49.5,64.9,Level 6,0,
12:35:28.45328,Level 1,Level 3,75.,80.0,1.2,1.2,4,12:36:15.45375,12:36:51.45411,46.5,36.5,Level 3,0,
12:35:30.45330,Level 1,Level 4,75.,80.0,1.2,1.2,4,12:36:15.45375,12:37:04.45424,44.5,49.3,Level 4,0,
12:35:30.45330,Level 1,Level 3,75.,80.0,1.2,1.2,1,12:36:33.45393,12:36:58.45418,63.2,25.2,Level 3,0,
12:35:31.45331,Level 1,Level 11,75.,80.0,1.2,1.2,1,12:36:33.45393,12:37:57.45477,62.2,83.4,Level 11,0,
12:35:32.45332,Level 1,Level 14,75.,80.0,1.2,1.2,1,12:36:33.45393,12:38:35.45515,61.2,121.9,Level 14,0,
12:35:33.45333,Level 1,Level 12,75.,80.0,1.2,1.2,1,12:36:33.45393,12:38:10.45490,60.2,96.2,Level 12,0,
12:35:36.45336,Level 1,Level 7,75.,80.0,1.2,1.2,1,12:36:33.45393,12:37:28.45448,57.2,54.9,Level 7,0,
12:35:39.45339,Level 1,Level 4,75.,80.0,1.2,1.2,1,12:36:33.45393,12:37:13.45433,54.2,39.2,Level 4,0,
12:35:40.45340,Level 1,Level 16,75.,80.0,1.2,1.2,1,12:36:33.45393,12:38:50.45530,53.2,136.3,Level 16,0,
12:35:43.45343,Level 1,Level 10,75.,80.0,1.2,1.2,1,12:36:33.45393,12:37:44.45464,50.2,70.6,Level 10,0,
12:35:47.45347,Level 1,Level 3,75.,80.0,1.2,1.2,1,12:36:33.45393,12:36:58.45418,46.2,25.2,Level 3,0,
12:35:52.45352,Level 1,Level 13,75.,80.0,1.2,1.2,1,12:36:33.45393,12:38:22.45502,41.2,109.1,Level 13,0,
12:35:53.45353,Level 1,Level 7,75.,80.0,1.2,1.2,2,12:37:04.45424,12:38:11.45491,70.6,67.4,Level 7,0,
12:35:54.45354,Level 1,Level 2,75.,80.0,1.2,1.2,2,12:37:04.45424,12:37:27.45447,69.6,23.6,Level 2,0,
12:35:54.45354,Level 1,Level 9,75.,80.0,1.2,1.2,2,12:37:04.45424,12:38:25.45505,69.6,81.8,Level 9,0,
12:36:02.45362,Level 1,Level 16,75.,80.0,1.2,1.2,2,12:37:04.45424,12:39:09.45549,61.6,125.5,Level 16,0,
12:36:09.45369,Level 1,Level 5,75.,80.0,1.2,1.2,2,12:37:04.45424,12:37:44.45464,54.6,40.5,Level 5,0,
12:36:12.45372,Level 1,Level 15,75.,80.0,1.2,1.2,2,12:37:04.45424,12:38:56.45536,51.6,112.7,Level 15,0,
12:36:12.45372,Level 1,Level 6,75.,80.0,1.2,1.2,2,12:37:04.45424,12:37:58.45478,51.6,54.5,Level 6,0,
12:36:12.45372,Level 1,Level 10,75.,80.0,1.2,1.2,2,12:37:04.45424,12:38:38.45518,51.6,94.6,Level 10,0,
12:36:14.45374,Level 1,Level 5,75.,80.0,1.2,1.2,2,12:37:04.45424,12:37:44.45464,49.6,40.5,Level 5,0,
12:36:16.45376,Level 1,Level 2,75.,80.0,1.2,1.2,2,12:37:04.45424,12:37:27.45447,47.6,23.6,Level 2,0,
12:36:19.45379,Level 1,Level 6,75.,80.0,1.2,1.2,3,12:38:00.45480,12:38:52.45532,101.0,52.2,Level 6,0,
12:36:24.45384,Level 1,Level 7,75.,80.0,1.2,1.2,3,12:38:00.45480,12:39:06.45546,96.0,66.2,Level 7,0,
12:36:25.45385,Level 1,Level 10,75.,80.0,1.2,1.2,3,12:38:00.45480,12:39:22.45562,95.0,81.8,Level 10,0,
12:36:26.45386,Level 1,Level 13,75.,80.0,1.2,1.2,3,12:38:00.45480,12:39:38.45578,94.0,97.5,Level 13,0,
12:36:30.45390,Level 1,Level 4,75.,80.0,1.2,1.2,3,12:38:00.45480,12:38:26.45506,90.0,26.4,Level 4,0,
12:36:30.45390,Level 1,Level 15,75.,80.0,1.2,1.2,3,12:38:00.45480,12:39:54.45594,90.0,114.3,Level 15,0,
12:36:33.45393,Level 1,Level 6,75.,80.0,1.2,1.2,3,12:38:00.45480,12:38:52.45532,87.0,52.2,Level 6,0,
12:36:36.45396,Level 1,Level 13,75.,80.0,1.2,1.2,3,12:38:00.45480,12:39:38.45578,84.0,97.5,Level 13,0,
12:36:41.45401,Level 1,Level 5,75.,80.0,1.2,1.2,3,12:38:00.45480,12:38:39.45519,79.0,39.3,Level 5,0,
12:36:49.45409,Level 1,Level 13,75.,80.0,1.2,1.2,3,12:38:00.45480,12:39:38.45578,71.0,97.5,Level 13,0,
12:36:49.45409,Level 1,Level 7,75.,80.0,1.2,1.2,4,12:39:01.45541,12:39:56.45596,132.2,54.9,Level 7,0,
12:36:51.45411,Level 1,Level 15,75.,80.0,1.2,1.2,4,12:39:01.45541,12:40:56.45656,130.2,114.6,Level 15,0,
12:36:52.45412,Level 1,Level 3,75.,80.0,1.2,1.2,4,12:39:01.45541,12:39:26.45566,129.2,25.2,Level 3,0,
12:36:54.45414,Level 1,Level 14,75.,80.0,1.2,1.2,4,12:39:01.45541,12:40:42.45642,127.2,100.6,Level 14,0,
12:37:01.45421,Level 1,Level 14,75.,80.0,1.2,1.2,4,12:39:01.45541,12:40:42.45642,120.2,100.6,Level 14,0,
12:37:01.45421,Level 1,Level 4,75.,80.0,1.2,1.2,4,12:39:01.45541,12:39:40.45580,120.2,39.2,Level 4,0,
12:37:03.45423,Level 1,Level 7,75.,80.0,1.2,1.2,4,12:39:01.45541,12:39:56.45596,118.2,54.9,Level 7,0,
12:37:03.45423,Level 1,Level 9,75.,80.0,1.2,1.2,4,12:39:01.45541,12:40:12.45612,118.2,70.5,Level 9,0,
12:37:04.45424,Level 1,Level 11,75.,80.0,1.2,1.2,4,12:39:01.45541,12:40:26.45626,117.2,84.9,Level 11,0,
12:37:16.45436,Level 1,Level 3,75.,80.0,1.2,1.2,4,12:39:01.45541,12:39:26.45566,105.2,25.2,Level 3,0,
12:37:21.45441,Level 1,Level 13,75.,80.0,1.2,1.2,1,12:39:20.45560,12:41:09.45669,118.9,109.4,Level 13,0,
12:37:21.45441,Level 1,Level 8,75.,80.0,1.2,1.2,1,12:39:20.45560,12:40:27.45627,118.9,66.9,Level 8,0,
12:37:26.45446,Level 1,Level 5,75.,80.0,1.2,1.2,1,12:39:20.45560,12:40:00.45600,113.9,39.6,Level 5,0,
12:37:32.45452,Level 1,Level 8,75.,80.0,1.2,1.2,1,12:39:20.45560,12:40:27.45627,107.9,66.9,Level 8,0,
12:37:34.45454,Level 1,Level 15,75.,80.0,1.2,1.2,1,12:39:20.45560,12:41:24.45684,105.9,123.8,Level 15,0,
12:37:42.45462,Level 1,Level 11,75.,80.0,1.2,1.2,1,12:39:20.45560,12:40:44.45644,97.9,83.7,Level 11,0,
12:37:43.45463,Level 1,Level 12,75.,80.0,1.2,1.2,1,12:39:20.45560,12:40:57.45657,96.9,96.6,Level 12,0,
12:37:48.45468,Level 1,Level 15,75.,80.0,1.2,1.2,1,12:39:20.45560,12:41:24.45684,91.9,123.8,Level 15,0,
12:37:54.45474,Level 1,Level 3,75.,80.0,1.2,1.2,1,12:39:20.45560,12:39:45.45585,85.9,25.2,Level 3,0,
12:38:01.45481,Level 1,Level 6,75.,80.0,1.2,1.2,1,12:39:20.45560,12:40:12.45612,78.9,52.5,Level 6,0,
12:38:02.45482,Level 1,Level 5,75.,80.0,1.2,1.2,2,12:39:39.45579,12:40:30.45630,97.2,50.9,Level 5,0,
12:38:09.45489,Level 1,Level 13,75.,80.0,1.2,1.2,2,12:39:39.45579,12:41:18.45678,90.2,98.7,Level 13,0,
12:38:11.45491,Level 1,Level 15,75.,80.0,1.2,1.2,2,12:39:39.45579,12:41:32.45692,88.2,113.1,Level 15,0,
12:38:15.45495,Level 1,Level 9,75.,80.0,1.2,1.2,2,12:39:39.45579,12:40:47.45647,84.2,67.7,Level 9,0,
12:38:19.45499,Level 1,Level 3,75.,80.0,1.2,1.2,2,12:39:39.45579,12:40:04.45604,80.2,25.2,Level 3,0,
12:38:21.45501,Level 1,Level 10,75.,80.0,1.2,1.2,2,12:39:39.45579,12:41:01.45661,78.2,81.8,Level 10,0,
12:38:24.45504,Level 1,Level 10,75.,80.0,1.2,1.2,2,12:39:39.45579,12:41:01.45661,75.2,81.8,Level 10,0,
12:38:25.45505,Level 1,Level 9,75.,80.0,1.2,1.2,2,12:39:39.45579,12:40:47.45647,74.2,67.7,Level 9,0,
12:38:30.45510,Level 1,Level 15,75.,80.0,1.2,1.2,2,12:39:39.45579,12:41:32.45692,69.2,113.1,Level 15,0,
12:38:30.45510,Level 1,Level 4,75.,80.0,1.2,1.2,2,12:39:39.45579,12:40:17.45617,69.2,38.1,Level 4,0,
12:38:37.45517,Level 1,Level 5,75.,80.0,1.2,1.2,3,12:40:23.45623,12:41:03.45663,106.2,39.3,Level 5,0,
12:38:38.45518,Level 1,Level 5,75.,80.0,1.2,1.2,3,12:40:23.45623,12:41:03.45663,105.2,39.3,Level 5,0,
12:38:39.45519,Level 1,Level 16,75.,80.0,1.2,1.2,3,12:40:23.45623,12:41:54.45714,104.2,90.7,Level 16,0,
12:38:46.45526,Level 1,Level 16,75.,80.0,1.2,1.2,3,12:40:23.45623,12:41:54.45714,97.2,90.7,Level 16,0,
12:38:51.45531,Level 1,Level 16,75.,80.0,1.2,1.2,3,12:40:23.45623,12:41:54.45714,92.2,90.7,Level 16,0,
12:38:51.45531,Level 1,Level 9,75.,80.0,1.2,1.2,3,12:40:23.45623,12:41:21.45681,92.2,57.4,Level 9,0,
12:38:56.45536,Level 1,Level 10,75.,80.0,1.2,1.2,3,12:40:23.45623,12:41:33.45693,87.2,70.2,Level 10,0,
12:39:05.45545,Level 1,Level 4,75.,80.0,1.2,1.2,3,12:40:23.45623,12:40:50.45650,78.2,26.5,Level 4,0,
12:39:08.45548,Level 1,Level 16,75.,80.0,1.2,1.2,3,12:40:23.45623,12:41:54.45714,75.2,90.7,Level 16,0,
12:39:08.45548,Level 1,Level 10,75.,80.0,1.2,1.2,3,12:40:23.45623,12:41:33.45693,75.2,70.2,Level 10,0,
12:39:09.45549,Level 1,Level 4,75.,80.0,1.2,1.2,4,12:41:25.45685,12:42:03.45723,135.7,38.0,Level 4,0,
12:39:19.45559,Level 1,Level 6,75.,80.0,1.2,1.2,4,12:41:25.45685,12:42:30.45750,125.7,64.9,Level 6,0,
12:39:19.45559,Level 1,Level 4,75.,80.0,1.2,1.2,4,12:41:25.45685,12:42:03.45723,125.7,38.0,Level 4,0,
12:39:20.45560,Level 1,Level 16,75.,80.0,1.2,1.2,4,12:41:25.45685,12:43:41.45821,124.7,136.3,Level 16,0,
12:39:21.45561,Level 1,Level 9,75.,80.0,1.2,1.2,4,12:41:25.45685,12:42:45.45765,123.7,80.6,Level 9,0,
12:39:26.45566,Level 1,Level 2,75.,80.0,1.2,1.2,4,12:41:25.45685,12:41:48.45708,118.7,23.7,Level 2,0,
12:39:27.45567,Level 1,Level 15,75.,80.0,1.2,1.2,4,12:41:25.45685,12:43:28.45808,117.7,123.5,Level 15,0,
12:39:34.45574,Level 1,Level 14,75.,80.0,1.2,1.2,4,12:41:25.45685,12:43:15.45795,110.7,110.7,Level 14,0,
12:39:35.45575,Level 1,Level 5,75.,80.0,1.2,1.2,4,12:41:25.45685,12:42:17.45737,109.7,52.1,Level 5,0,
12:39:35.45575,Level 1,Level 11,75.,80.0,1.2,1.2,4,12:41:25.45685,12:43:00.45780,109.7,95.0,Level 11,0,
12:39:35.45575,Level 1,Level 14,75.,80.0,1.2,1.2,1,12:41:54.45714,12:43:21.45801,138.8,87.1,Level 14,0,
12:39:38.45578,Level 1,Level 8,75.,80.0,1.2,1.2,1,12:41:54.45714,12:42:48.45768,135.8,54.6,Level 8,0,
12:39:47.45587,Level 1,Level 2,75.,80.0,1.2,1.2,1,12:41:54.45714,12:42:18.45738,126.8,23.7,Level 2,0,
12:39:51.45591,Level 1,Level 8,75.,80.0,1.2,1.2,1,12:41:54.45714,12:42:48.45768,122.8,54.6,Level 8,0,
12:40:01.45601,Level 1,Level 7,75.,80.0,1.2,1.2,1,12:41:54.45714,12:42:36.45756,112.8,41.7,Level 7,0,
12:40:01.45601,Level 1,Level 14,75.,80.0,1.2,1.2,1,12:41:54.45714,12:43:21.45801,112.8,87.1,Level 14,0,
12:40:02.45602,Level 1,Level 16,75.,80.0,1.2,1.2,1,12:41:54.45714,12:43:48.45828,111.8,114.0,Level 16,0,
12:40:02.45602,Level 1,Level 11,75.,80.0,1.2,1.2,1,12:41:54.45714,12:43:05.45785,111.8,71.4,Level 11,0,
12:40:06.45606,Level 1,Level 16,75.,80.0,1.2,1.2,1,12:41:54.45714,12:43:48.45828,107.8,114.0,Level 16,0,
12:40:10.45610,Level 1,Level 15,75.,80.0,1.2,1.2,1,12:41:54.45714,12:43:35.45815,103.8,101.1,Level 15,0,
12:40:10.45610,Level 1,Level 15,75.,80.0,1.2,1.2,2,12:42:13.45733,12:44:05.45845,122.6,111.9,Level 15,0,
12:40:17.45617,Level 1,Level 4,75.,80.0,1.2,1.2,2,12:42:13.45733,12:42:39.45759,115.6,26.5,Level 4,0,
12:40:18.45618,Level 1,Level 5,75.,80.0,1.2,1.2,2,12:42:13.45733,12:42:52.45772,114.6,39.3,Level 5,0,
12:40:19.45619,Level 1,Level 16,75.,80.0,1.2,1.2,2,12:42:13.45733,12:44:19.45859,113.6,126.0,Level 16,0,
12:40:22.45622,Level 1,Level 12,75.,80.0,1.2,1.2,2,12:42:13.45733,12:43:49.45829,110.6,96.2,Level 12,0,
12:40:23.45623,Level 1,Level 15,75.,80.0,1.2,1.2,2,12:42:13.45733,12:44:05.45845,109.6,111.9,Level 15,0,
12:40:29.45629,Level 1,Level 8,75.,80.0,1.2,1.2,2,12:42:13.45733,12:43:19.45799,103.6,66.6,Level 8,0,
12:40:43.45643,Level 1,Level 6,75.,80.0,1.2,1.2,2,12:42:13.45733,12:43:05.45785,89.6,52.2,Level 6,0,
12:40:43.45643,Level 1,Level 11,75.,80.0,1.2,1.2,2,12:42:13.45733,12:43:35.45815,89.6,82.2,Level 11,0,
12:40:44.45644,Level 1,Level 11,75.,80.0,1.2,1.2,2,12:42:13.45733,12:43:35.45815,88.6,82.2,Level 11,0,
12:40:47.45647,Level 1,Level 16,75.,80.0,1.2,1.2,3,12:42:31.45751,12:44:06.45846,104.3,94.6,Level 16,0,
12:40:48.45648,Level 1,Level 15,75.,80.0,1.2,1.2,3,12:42:31.45751,12:43:48.45828,103.3,77.0,Level 15,0,
12:40:56.45656,Level 1,Level 15,75.,80.0,1.2,1.2,3,12:42:31.45751,12:43:48.45828,95.3,77.0,Level 15,0,
12:40:57.45657,Level 1,Level 15,75.,80.0,1.2,1.2,3,12:42:31.45751,12:43:48.45828,94.3,77.0,Level 15,0,
12:41:03.45663,Level 1,Level 15,75.,80.0,1.2,1.2,3,12:42:31.45751,12:43:48.45828,88.3,77.0,Level 15,0,
12:41:24.45684,Level 1,Level 6,75.,80.0,1.2,1.2,3,12:42:31.45751,12:43:12.45792,67.3,40.8,Level 6,0,
12:41:48.45708,Level 1,Level 9,75.,80.0,1.2,1.2,3,12:42:31.45751,12:43:29.45809,43.3,57.7,Level 9,0,
12:41:49.45709,Level 1,Level 4,75.,80.0,1.2,1.2,3,12:42:31.45751,12:42:58.45778,42.3,26.5,Level 4,0,
12:41:56.45716,Level 1,Level 15,75.,80.0,1.2,1.2,3,12:42:31.45751,12:43:48.45828,35.3,77.0,Level 15,0,
12:42:01.45721,Level 1,Level 6,75.,80.0,1.2,1.2,3,12:42:31.45751,12:43:12.45792,30.3,40.8,Level 6,0,
12:42:08.45728,Level 1,Level 5,75.,80.0,1.2,1.2,4,12:44:11.45851,12:45:03.45903,123.1,52.1,Level 5,0,
12:42:13.45733,Level 1,Level 9,75.,80.0,1.2,1.2,4,12:44:11.45851,12:45:21.45921,118.1,70.1,Level 9,0,
12:42:25.45745,Level 1,Level 15,75.,80.0,1.2,1.2,4,12:44:11.45851,12:46:05.45965,106.1,113.9,Level 15,0,
12:42:30.45750,Level 1,Level 5,75.,80.0,1.2,1.2,4,12:44:11.45851,12:45:03.45903,101.1,52.1,Level 5,0,
12:42:49.45769,Level 1,Level 9,75.,80.0,1.2,1.2,4,12:44:11.45851,12:45:21.45921,82.1,70.1,Level 9,0,
12:42:50.45770,Level 1,Level 4,75.,80.0,1.2,1.2,4,12:44:11.45851,12:44:49.45889,81.1,38.0,Level 4,0,
12:43:00.45780,Level 1,Level 13,75.,80.0,1.2,1.2,4,12:44:11.45851,12:45:39.45939,71.1,88.2,Level 13,0,
12:43:03.45783,Level 1,Level 4,75.,80.0,1.2,1.2,4,12:44:11.45851,12:44:49.45889,68.1,38.0,Level 4,0,
12:43:07.45787,Level 1,Level 14,75.,80.0,1.2,1.2,4,12:44:11.45851,12:45:52.45952,64.1,101.0,Level 14,0,
12:43:25.45805,Level 1,Level 3,75.,80.0,1.2,1.2,4,12:44:11.45851,12:44:36.45876,46.1,25.2,Level 3,0,
12:43:27.45807,Level 1,Level 14,75.,80.0,1.2,1.2,1,12:44:30.45870,12:46:22.45982,62.8,111.8,Level 14,0,
12:43:34.45814,Level 1,Level 13,75.,80.0,1.2,1.2,1,12:44:30.45870,12:46:08.45968,55.8,97.8,Level 13,0,
12:43:43.45823,Level 1,Level 2,75.,80.0,1.2,1.2,1,12:44:30.45870,12:44:53.45893,46.8,23.6,Level 2,0,
12:43:44.45824,Level 1,Level 13,75.,80.0,1.2,1.2,1,12:44:30.45870,12:46:08.45968,45.8,97.8,Level 13,0,
12:43:52.45832,Level 1,Level 14,75.,80.0,1.2,1.2,1,12:44:30.45870,12:46:22.45982,37.8,111.8,Level 14,0,
12:43:52.45832,Level 1,Level 3,75.,80.0,1.2,1.2,1,12:44:30.45870,12:45:06.45906,37.8,36.5,Level 3,0,
12:43:54.45834,Level 1,Level 10,75.,80.0,1.2,1.2,1,12:44:30.45870,12:45:52.45952,35.8,82.1,Level 10,0,
12:43:58.45838,Level 1,Level 8,75.,80.0,1.2,1.2,1,12:44:30.45870,12:45:38.45938,31.8,67.7,Level 8,0,
12:43:58.45838,Level 1,Level 3,75.,80.0,1.2,1.2,1,12:44:30.45870,12:45:06.45906,31.8,36.5,Level 3,0,
12:44:03.45843,Level 1,Level 6,75.,80.0,1.2,1.2,1,12:44:30.45870,12:45:23.45923,26.8,53.3,Level 6,0,
12:44:15.45855,Level 1,Level 15,75.,80.0,1.2,1.2,3,12:44:49.45889,12:46:26.45986,33.6,97.8,Level 15,0,
12:44:16.45856,Level 1,Level 7,75.,80.0,1.2,1.2,3,12:44:49.45889,12:45:40.45940,32.6,51.3,Level 7,0,
12:44:23.45863,Level 1,Level 6,75.,80.0,1.2,1.2,3,12:44:49.45889,12:45:27.45927,25.6,38.4,Level 6,0,
12:44:34.45874,Level 1,Level 7,75.,80.0,1.2,1.2,3,12:44:49.45889,12:45:40.45940,14.6,51.3,Level 7,0,
12:44:40.45880,Level 1,Level 10,75.,80.0,1.2,1.2,3,12:44:49.45889,12:45:57.45957,8.6,68.1,Level 10,0,
12:44:41.45881,Level 1,Level 15,75.,80.0,1.2,1.2,3,12:44:49.45889,12:46:26.45986,7.6,97.8,Level 15,0,
12:44:43.45883,Level 1,Level 4,75.,80.0,1.2,1.2,3,12:44:49.45889,12:45:13.45913,5.6,24.0,Level 4,0,
12:44:54.45894,Level 1,Level 14,75.,80.0,1.2,1.2,3,12:44:49.45889,12:46:14.45974,0.0,79.6,Level 14,0,
12:45:10.45910,Level 1,Level 5,75.,80.0,1.2,1.2,2,12:45:10.45910,12:45:27.45927,0.0,16.8,Level 5,0,
12:45:19.45919,Level 1,Level 12,75.,80.0,1.2,1.2,2,12:45:44.45944,12:46:22.45982,24.8,38.4,Level 12,0,
12:45:43.45943,Level 1,Level 3,75.,80.0,1.2,1.2,2,12:45:44.45944,12:45:59.45959,0.8,15.6,Level 3,0,
12:45:57.45957,Level 1,Level 3,75.,80.0,1.2,1.2,4,12:46:34.45994,12:46:58.46018,36.8,23.8,Level 3,0,
12:46:04.45964,Level 1,Level 4,75.,80.0,1.2,1.2,4,12:46:34.45994,12:47:12.46032,29.8,37.8,Level 4,0,
12:46:12.45972,Level 1,Level 13,75.,80.0,1.2,1.2,4,12:46:34.45994,12:48:09.46089,21.8,95.6,Level 13,0,
12:46:12.45972,Level 1,Level 6,75.,80.0,1.2,1.2,4,12:46:34.45994,12:47:37.46057,21.8,63.5,Level 6,0,
12:46:12.45972,Level 1,Level 7,75.,80.0,1.2,1.2,4,12:46:34.45994,12:47:50.46070,21.8,76.4,Level 7,0,
12:46:18.45978,Level 1,Level 5,75.,80.0,1.2,1.2,4,12:46:34.45994,12:47:25.46045,15.8,50.7,Level 5,0,
12:46:37.45997,Level 1,Level 3,75.,80.0,1.2,1.2,4,12:46:34.45994,12:46:58.46018,0.0,20.6,Level 3,0,
12:46:45.46005,Level 1,Level 14,75.,80.0,1.2,1.2,4,12:46:34.45994,12:48:22.46102,0.0,97.3,Level 14,0,
12:47:05.46025,Level 1,Level 13,75.,80.0,1.2,1.2,3,12:47:05.46025,12:47:50.46070,0.0,45.4,Level 13,0,
12:47:12.46032,Level 1,Level 3,75.,80.0,1.2,1.2,3,12:47:12.46032,12:47:26.46046,0.0,14.4,Level 3,0,
12:47:33.46053,Level 1,Level 13,75.,80.0,1.2,1.2,2,12:47:33.46053,12:48:28.46108,0.0,54.7,Level 13,0,
12:47:34.46054,Level 1,Level 3,75.,80.0,1.2,1.2,2,12:47:33.46053,12:47:52.46072,0.0,17.6,Level 3,0,
12:47:36.46056,Level 1,Level 10,75.,80.0,1.2,1.2,2,12:47:33.46053,12:48:12.46092,0.0,36.1,Level 10,0,
12:47:39.46059,Level 1,Level 13,75.,80.0,1.2,1.2,2,12:47:33.46053,12:48:28.46108,0.0,48.7,Level 13,0,
12:47:50.46070,Level 1,Level 13,75.,80.0,1.2,1.2,1,12:47:50.46070,12:48:16.46096,0.0,26.4,Level 13,0,
12:48:05.46085,Level 1,Level 9,75.,80.0,1.2,1.2,3,12:48:17.46097,12:49:05.46145,11.9,48.1,Level 9,0,
12:48:06.46086,Level 1,Level 7,75.,80.0,1.2,1.2,3,12:48:17.46097,12:48:51.46131,10.9,33.7,Level 7,0,
12:48:15.46095,Level 1,Level 3,75.,80.0,1.2,1.2,3,12:48:17.46097,12:48:34.46114,1.9,16.8,Level 3,0,
12:48:36.46116,Level 1,Level 7,75.,80.0,1.2,1.2,1,12:48:43.46123,12:49:04.46144,6.9,21.5,Level 7,0,
12:48:47.46127,Level 1,Level 13,75.,80.0,1.2,1.2,1,12:48:43.46123,12:49:24.46164,0.0,36.7,Level 13,0,
12:48:56.46136,Level 1,Level 15,75.,80.0,1.2,1.2,4,12:48:56.46136,12:49:26.46166,0.0,30.1,Level 15,0,
12:48:57.46137,Level 1,Level 15,75.,80.0,1.2,1.2,4,12:48:56.46136,12:49:26.46166,0.0,29.1,Level 15,0,
12:49:13.46153,Level 1,Level 5,75.,80.0,1.2,1.2,2,12:49:13.46153,12:49:31.46171,0.0,18.1,Level 5,0,
12:49:15.46155,Level 1,Level 12,75.,80.0,1.2,1.2,2,12:49:13.46153,12:49:52.46192,0.0,36.5,Level 12,0,
12:49:34.46174,Level 1,Level 5,75.,80.0,1.2,1.2,3,12:49:34.46174,12:49:52.46192,0.0,18.1,Level 5,0,
12:49:37.46177,Level 1,Level 16,75.,80.0,1.2,1.2,3,12:49:34.46174,12:50:17.46217,0.0,40.3,Level 16,0,
12:49:45.46185,Level 1,Level 9,75.,80.0,1.2,1.2,1,12:49:50.46190,12:50:12.46212,5.2,21.7,Level 9,0,
12:50:02.46202,Level 1,Level 10,75.,80.0,1.2,1.2,4,12:50:02.46202,12:50:54.46254,0.0,52.4,Level 10,0,
12:50:07.46207,Level 1,Level 3,75.,80.0,1.2,1.2,4,12:50:07.46207,12:50:34.46234,0.1,26.9,Level 3,0,
12:50:09.46209,Level 1,Level 2,75.,80.0,1.2,1.2,4,12:50:07.46207,12:50:21.46221,0.0,12.1,Level 2,0,
12:50:27.46227,Level 1,Level 8,75.,80.0,1.2,1.2,2,12:50:27.46227,12:51:02.46262,0.0,34.7,Level 8,0,
12:50:31.46231,Level 1,Level 5,75.,80.0,1.2,1.2,2,12:50:27.46227,12:50:46.46246,0.0,15.1,Level 5,0,
12:51:20.46280,Level 1,Level 14,75.,80.0,1.2,1.2,4,12:51:20.46280,12:51:48.46308,0.0,27.7,Level 14,0,
12:51:35.46295,Level 1,Level 8,75.,80.0,1.2,1.2,3,12:51:35.46295,12:51:55.46315,0.0,20.4,Level 8,0,
12:51:54.46314,Level 1,Level 9,75.,80.0,1.2,1.2,2,12:51:54.46314,12:52:32.46352,0.0,38.1,Level 9,0,
12:51:55.46315,Level 1,Level 5,75.,80.0,1.2,1.2,2,12:51:54.46314,12:52:14.46334,0.0,19.1,Level 5,0,
12:51:59.46319,Level 1,Level 5,75.,80.0,1.2,1.2,2,12:51:54.46314,12:52:14.46334,0.0,15.1,Level 5,0,
12:52:39.46359,Level 1,Level 5,75.,80.0,1.2,1.2,4,12:52:39.46359,12:53:04.46384,0.0,24.8,Level 5,0,
12:52:40.46360,Level 1,Level 15,75.,80.0,1.2,1.2,4,12:52:39.46359,12:53:40.46420,0.0,59.9,Level 15,0,
12:52:47.46367,Level 1,Level 12,75.,80.0,1.2,1.2,4,12:52:47.46367,12:53:24.46404,0.0,37.3,Level 12,0,
12:52:58.46378,Level 1,Level 12,75.,80.0,1.2,1.2,3,12:52:58.46378,12:53:23.46403,0.0,25.3,Level 12,0,
12:53:07.46387,Level 1,Level 8,75.,80.0,1.2,1.2,2,12:53:07.46387,12:53:27.46407,0.0,20.4,Level 8,0,
12:53:16.46396,Level 1,Level 14,75.,80.0,1.2,1.2,1,12:53:16.46396,12:53:45.46425,0.0,28.8,Level 14,0,
12:53:18.46398,Level 1,Level 14,75.,80.0,1.2,1.2,1,12:53:16.46396,12:53:45.46425,0.0,26.8,Level 14,0,
12:53:44.46424,Level 1,Level 15,75.,80.0,1.2,1.2,2,12:53:48.46428,12:54:30.46470,3.9,42.1,Level 15,0,
12:53:50.46430,Level 1,Level 8,75.,80.0,1.2,1.2,2,12:53:48.46428,12:54:10.46450,0.0,19.6,Level 8,0,
12:53:58.46438,Level 1,Level 8,75.,80.0,1.2,1.2,3,12:53:58.46438,12:54:18.46458,0.0,20.4,Level 8,0,
12:54:30.46470,Level 1,Level 2,75.,80.0,1.2,1.2,4,12:54:30.46470,12:54:43.46483,0.0,12.8,Level 2,0,
12:54:46.46486,Level 1,Level 2,75.,80.0,1.2,1.2,3,12:54:46.46486,12:54:59.46499,0.0,12.8,Level 2,0,

SPATIAL PLOT ,
Lift,Time,Floor,Load,Area,Direction,Travel in floors,load,time at landing,
1,43200.0,1,0.0,0.0,
1,43315.0,1,75.0,0.2,,,,114.9,
1,43334.7,14,75.0,0.2,UP,13,75.,
1,43342.6,14,0.0,0.0,,,,7.9,
1,43362.4,1,0.0,0.0,DOWN,13,0.,
1,43642.0,1,75.0,0.2,,,,279.6,
1,43646.9,2,75.0,0.2,UP,1,75.,
1,43654.8,2,0.0,0.0,,,,7.9,
1,43659.8,1,0.0,0.0,DOWN,1,0.,
1,43853.2,1,300.0,0.8,,,,193.4,
1,43858.1,2,300.0,0.8,UP,1,300.,
1,43866.0,2,225.0,0.6,,,,7.9,
1,43878.6,9,225.0,0.6,UP,7,225.,
1,43887.7,9,75.0,0.2,,,,9.1,
1,43899.0,15,75.0,0.2,UP,6,75.,
1,43906.9,15,0.0,0.0,,,,7.9,
1,43927.9,1,0.0,0.0,DOWN,14,0.,
1,43965.0,1,75.0,0.2,,,,37.1,
1,43976.3,7,75.0,0.2,UP,6,75.,
1,43984.2,7,0.0,0.0,,,,7.9,
1,43995.6,1,0.0,0.0,DOWN,6,0.,
1,44067.2,1,225.0,0.6,,,,71.6,
1,44072.2,2,225.0,0.6,UP,1,225.,
1,44080.1,2,150.0,0.4,,,,7.9,
1,44090.2,7,150.0,0.4,UP,5,150.,
1,44098.1,7,75.0,0.2,,,,7.9,
1,44110.7,14,75.0,0.2,UP,7,75.,
1,44118.6,14,0.0,0.0,,,,7.9,
1,44138.3,1,0.0,0.0,DOWN,13,0.,
1,44193.6,1,300.0,0.8,,,,55.2,
1,44201.3,4,300.0,0.8,UP,3,300.,
1,44211.6,4,75.0,0.2,,,,10.3,
1,44225.4,12,75.0,0.2,UP,8,75.,
1,44233.3,12,0.0,0.0,,,,7.9,
1,44250.6,1,0.0,0.0,DOWN,11,0.,
1,44349.2,1,150.0,0.4,,,,98.6,
1,44356.9,4,150.0,0.4,UP,3,150.,
1,44364.8,4,75.0,0.2,,,,7.9,
1,44369.8,5,75.0,0.2,UP,1,75.,
1,44377.7,5,0.0,0.0,,,,7.9,
1,44386.6,1,0.0,0.0,DOWN,4,0.,
1,44435.0,1,75.0,0.2,,,,48.3,
1,44455.9,15,75.0,0.2,UP,14,75.,
1,44463.8,15,0.0,0.0,,,,7.9,
1,44484.8,1,0.0,0.0,DOWN,14,0.,
1,44497.5,1,375.0,1.1,,,,12.8,
1,44504.0,3,375.0,1.1,UP,2,375.,
1,44511.9,3,300.0,0.8,,,,7.9,
1,44520.9,7,300.0,0.8,UP,4,300.,
1,44528.8,7,225.0,0.6,,,,7.9,
1,44541.3,14,225.0,0.6,UP,7,225.,
1,44550.4,14,75.0,0.2,,,,9.1,
1,44556.9,16,75.0,0.2,UP,2,75.,
1,44564.8,16,0.0,0.0,,,,7.9,
1,44587.0,1,0.0,0.0,DOWN,15,0.,
1,44602.1,1,525.0,1.5,,,,15.2,
1,44607.1,2,525.0,1.5,UP,1,525.,
1,44616.2,2,375.0,1.1,,,,9.1,
1,44621.1,3,375.0,1.1,UP,1,375.,
1,44629.0,3,300.0,0.8,,,,7.9,
1,44634.0,4,300.0,0.8,UP,1,300.,
1,44643.1,4,150.0,0.4,,,,9.1,
1,44649.6,6,150.0,0.4,UP,2,150.,
1,44657.5,6,75.0,0.2,,,,7.9,
1,44666.4,10,75.0,0.2,UP,4,75.,
1,44674.3,10,0.0,0.0,,,,7.9,
1,44689.3,1,0.0,0.0,DOWN,9,0.,
1,44727.2,1,150.0,0.4,,,,37.9,
1,44739.7,8,150.0,0.4,UP,7,150.,
1,44747.6,8,75.0,0.2,,,,7.9,
1,44759.0,14,75.0,0.2,UP,6,75.,
1,44766.9,14,0.0,0.0,,,,8.0,
1,44786.7,1,0.0,0.0,DOWN,13,0.,
1,44846.2,1,450.0,1.3,,,,59.5,
1,44851.1,2,450.0,1.3,UP,1,450.,
1,44859.0,2,375.0,1.1,,,,7.9,
1,44866.8,5,375.0,1.1,UP,3,375.,
1,44875.9,5,225.0,0.6,,,,9.1,
1,44883.6,8,225.0,0.6,UP,3,225.,
1,44891.5,8,150.0,0.4,,,,7.9,
1,44898.0,10,150.0,0.4,UP,2,150.,
1,44905.9,10,75.0,0.2,,,,7.9,
1,44913.7,13,75.0,0.2,UP,3,75.,
1,44921.6,13,0.0,0.0,,,,7.9,
1,44940.1,1,0.0,0.0,DOWN,12,0.,
1,44984.0,1,300.0,0.8,,,,43.8,
1,44988.9,2,300.0,0.8,UP,1,300.,
1,44996.8,2,225.0,0.6,,,,7.9,
1,45001.8,3,225.0,0.6,UP,1,225.,
1,45010.9,3,75.0,0.2,,,,9.1,
1,45024.6,11,75.0,0.2,UP,8,75.,
1,45032.5,11,0.0,0.0,,,,7.9,
1,45048.7,1,0.0,0.0,DOWN,10,0.,
1,45083.4,1,750.0,2.1,,,,34.7,
1,45088.4,2,750.0,2.1,UP,1,750.,
1,45096.3,2,675.0,1.9,,,,7.9,
1,45104.0,5,675.0,1.9,UP,3,675.,
1,45111.9,5,600.0,1.7,,,,7.9,
1,45116.9,6,600.0,1.7,UP,1,600.,
1,45124.8,6,525.0,1.5,,,,7.9,
1,45129.7,7,525.0,1.5,UP,1,525.,
1,45137.6,7,450.0,1.3,,,,7.9,
1,45146.6,11,450.0,1.3,UP,4,450.,
1,45154.5,11,375.0,1.1,,,,7.9,
1,45159.4,12,375.0,1.1,UP,1,375.,
1,45170.9,12,75.0,0.2,,,,11.5,
1,45179.9,16,75.0,0.2,UP,4,75.,
1,45187.8,16,0.0,0.0,,,,7.9,
1,45209.9,1,0.0,0.0,DOWN,15,0.,
1,45239.4,1,750.0,2.1,,,,29.5,
1,45244.4,2,750.0,2.1,UP,1,750.,
1,45253.5,2,600.0,1.7,,,,9.1,
1,45263.6,7,600.0,1.7,UP,5,600.,
1,45271.5,7,525.0,1.5,,,,7.9,
1,45276.5,8,525.0,1.5,UP,1,525.,
1,45285.6,8,375.0,1.1,,,,9.1,
1,45290.5,9,375.0,1.1,UP,1,375.,
1,45298.4,9,300.0,0.8,,,,7.9,
1,45304.9,11,300.0,0.8,UP,2,300.,
1,45314.0,11,150.0,0.4,,,,9.1,
1,45321.8,14,150.0,0.4,UP,3,150.,
1,45329.7,14,75.0,0.2,,,,7.9,
1,45336.2,16,75.0,0.2,UP,2,75.,
1,45344.1,16,0.0,0.0,,,,7.9,
1,45366.2,1,0.0,0.0,DOWN,15,0.,
1,45412.0,1,750.0,2.1,,,,45.8,
1,45418.5,3,750.0,2.1,UP,2,750.,
1,45427.6,3,600.0,1.7,,,,9.1,
1,45432.6,4,600.0,1.7,UP,1,600.,
1,45440.5,4,525.0,1.5,,,,7.9,
1,45448.2,7,525.0,1.5,UP,3,525.,
1,45456.1,7,450.0,1.3,,,,7.9,
1,45463.9,10,450.0,1.3,UP,3,450.,
1,45471.8,10,375.0,1.1,,,,7.9,
1,45476.7,11,375.0,1.1,UP,1,375.,
1,45484.6,11,300.0,0.8,,,,7.9,
1,45489.6,12,300.0,0.8,UP,1,300.,
1,45497.5,12,225.0,0.6,,,,7.9,
1,45502.4,13,225.0,0.6,UP,1,225.,
1,45510.3,13,150.0,0.4,,,,7.9,
1,45515.3,14,150.0,0.4,UP,1,150.,
1,45523.2,14,75.0,0.2,,,,7.9,
1,45529.7,16,75.0,0.2,UP,2,75.,
1,45537.6,16,0.0,0.0,,,,7.9,
1,45559.7,1,0.0,0.0,DOWN,15,0.,
1,45578.7,1,750.0,2.1,,,,19.0,
1,45585.2,3,750.0,2.1,UP,2,750.,
1,45593.1,3,675.0,1.9,,,,7.9,
1,45599.6,5,675.0,1.9,UP,2,675.,
1,45607.5,5,600.0,1.7,,,,7.9,
1,45612.5,6,600.0,1.7,UP,1,600.,
1,45620.4,6,525.0,1.5,,,,7.9,
1,45626.9,8,525.0,1.5,UP,2,525.,
1,45636.0,8,375.0,1.1,,,,9.1,
1,45643.7,11,375.0,1.1,UP,3,375.,
1,45651.6,11,300.0,0.8,,,,7.9,
1,45656.6,12,300.0,0.8,UP,1,300.,
1,45664.5,12,225.0,0.6,,,,7.9,
1,45669.4,13,225.0,0.6,UP,1,225.,
1,45677.3,13,150.0,0.4,,,,7.9,
1,45683.8,15,150.0,0.4,UP,2,150.,
1,45692.9,15,0.0,0.0,,,,9.1,
1,45713.9,1,0.0,0.0,DOWN,14,0.,
1,45732.6,1,750.0,2.1,,,,18.8,
1,45737.6,2,750.0,2.1,UP,1,750.,
1,45745.5,2,675.0,1.9,,,,7.9,
1,45755.6,7,675.0,1.9,UP,5,675.,
1,45763.5,7,600.0,1.7,,,,7.9,
1,45768.5,8,600.0,1.7,UP,1,600.,
1,45777.6,8,450.0,1.3,,,,9.1,
1,45785.3,11,450.0,1.3,UP,3,450.,
1,45793.2,11,375.0,1.1,,,,7.9,
1,45801.0,14,375.0,1.1,UP,3,375.,
1,45810.1,14,225.0,0.6,,,,9.1,
1,45815.0,15,225.0,0.6,UP,1,225.,
1,45822.9,15,150.0,0.4,,,,7.9,
1,45827.9,16,150.0,0.4,UP,1,150.,
1,45837.0,16,0.0,0.0,,,,9.1,
1,45859.1,1,0.0,0.0,DOWN,15,0.,
1,45888.6,1,750.0,2.1,,,,29.5,
1,45893.5,2,750.0,2.1,UP,1,750.,
1,45901.4,2,675.0,1.9,,,,7.9,
1,45906.4,3,675.0,1.9,UP,1,675.,
1,45915.5,3,525.0,1.5,,,,9.1,
1,45923.2,6,525.0,1.5,UP,3,525.,
1,45931.1,6,450.0,1.3,,,,7.9,
1,45937.6,8,450.0,1.3,UP,2,450.,
1,45945.5,8,375.0,1.1,,,,7.9,
1,45952.0,10,375.0,1.1,UP,2,375.,
1,45959.9,10,300.0,0.8,,,,7.9,
1,45967.7,13,300.0,0.8,UP,3,300.,
1,45976.8,13,150.0,0.4,,,,9.1,
1,45981.7,14,150.0,0.4,UP,1,150.,
1,45990.8,14,0.0,0.0,,,,9.1,
1,46010.6,1,0.0,0.0,DOWN,13,0.,
1,46078.0,1,75.0,0.2,,,,67.4,
1,46096.5,13,75.0,0.2,UP,12,75.,
1,46104.4,13,0.0,0.0,,,,7.9,
1,46123.0,1,0.0,0.0,DOWN,12,0.,
1,46133.2,1,150.0,0.4,,,,10.2,
1,46144.5,7,150.0,0.4,UP,6,150.,
1,46152.4,7,75.0,0.2,,,,7.9,
1,46163.8,13,75.0,0.2,UP,6,75.,
1,46171.7,13,0.0,0.0,,,,7.9,
1,46190.2,1,0.0,0.0,DOWN,12,0.,
1,46198.2,1,75.0,0.2,,,,8.0,
1,46211.9,9,75.0,0.2,UP,8,75.,
1,46219.8,9,0.0,0.0,,,,7.9,
1,46233.6,1,0.0,0.0,DOWN,8,0.,
1,46405.2,1,150.0,0.4,,,,171.6,
1,46424.9,14,150.0,0.4,UP,13,150.,
1,46434.1,14,0.0,0.0,,,,9.2,
1,46453.8,1,0.0,0.0,DOWN,13,0.,
2,43200.0,1,0.0,0.0,
2,43282.0,1,75.0,0.2,,,,81.9,
2,43299.3,12,75.0,0.2,UP,11,75.,
2,43307.2,12,0.0,0.0,,,,7.9,
2,43324.6,1,0.0,0.0,DOWN,11,0.,
2,43409.0,1,75.0,0.2,,,,84.4,
2,43429.9,15,75.0,0.2,UP,14,75.,
2,43437.8,15,0.0,0.0,,,,7.9,
2,43458.8,1,0.0,0.0,DOWN,14,0.,
2,43485.0,1,75.0,0.2,,,,26.2,
2,43495.1,6,75.0,0.2,UP,5,75.,
2,43503.0,6,0.0,0.0,,,,7.9,
2,43513.2,1,0.0,0.0,DOWN,5,0.,
2,43628.0,1,75.0,0.2,,,,114.8,
2,43644.1,11,75.0,0.2,UP,10,75.,
2,43652.0,11,0.0,0.0,,,,7.9,
2,43668.2,1,0.0,0.0,DOWN,10,0.,
2,43795.2,1,150.0,0.4,,,,127.0,
2,43807.7,8,150.0,0.4,UP,7,150.,
2,43815.6,8,75.0,0.2,,,,7.9,
2,43827.0,14,75.0,0.2,UP,6,75.,
2,43834.9,14,0.0,0.0,,,,7.9,
2,43854.6,1,0.0,0.0,DOWN,13,0.,
2,43952.2,1,150.0,0.4,,,,97.6,
2,43958.7,3,150.0,0.4,UP,2,150.,
2,43966.6,3,75.0,0.2,,,,7.9,
2,43975.5,7,75.0,0.2,UP,4,75.,
2,43983.4,7,0.0,0.0,,,,7.9,
2,43994.8,1,0.0,0.0,DOWN,6,0.,
2,44049.2,1,225.0,0.6,,,,54.4,
2,44059.3,6,225.0,0.6,UP,5,225.,
2,44068.4,6,75.0,0.2,,,,9.1,
2,44082.2,14,75.0,0.2,UP,8,75.,
2,44090.1,14,0.0,0.0,,,,7.9,
2,44109.8,1,0.0,0.0,DOWN,13,0.,
2,44145.2,1,375.0,1.1,,,,35.3,
2,44150.1,2,375.0,1.1,UP,1,375.,
2,44158.0,2,300.0,0.8,,,,7.9,
2,44165.8,5,300.0,0.8,UP,3,300.,
2,44173.7,5,225.0,0.6,,,,7.9,
2,44178.6,6,225.0,0.6,UP,1,225.,
2,44186.5,6,150.0,0.4,,,,7.9,
2,44191.5,7,150.0,0.4,UP,1,150.,
2,44199.4,7,75.0,0.2,,,,7.9,
2,44208.3,11,75.0,0.2,UP,4,75.,
2,44216.2,11,0.0,0.0,,,,7.9,
2,44232.4,1,0.0,0.0,DOWN,10,0.,
2,44249.2,1,300.0,0.8,,,,16.8,
2,44261.7,8,300.0,0.8,UP,7,300.,
2,44270.8,8,150.0,0.4,,,,9.1,
2,44281.0,13,150.0,0.4,UP,5,150.,
2,44290.1,13,0.0,0.0,,,,9.1,
2,44308.6,1,0.0,0.0,DOWN,12,0.,
2,44319.2,1,150.0,0.4,,,,10.6,
2,44330.5,7,150.0,0.4,UP,6,150.,
2,44339.6,7,0.0,0.0,,,,9.1,
2,44351.0,1,0.0,0.0,DOWN,6,0.,
2,44368.2,1,300.0,0.8,,,,17.2,
2,44381.9,9,300.0,0.8,UP,8,300.,
2,44389.8,9,225.0,0.6,,,,7.9,
2,44394.8,10,225.0,0.6,UP,1,225.,
2,44402.7,10,150.0,0.4,,,,7.9,
2,44407.6,11,150.0,0.4,UP,1,150.,
2,44415.5,11,75.0,0.2,,,,7.9,
2,44420.5,12,75.0,0.2,UP,1,75.,
2,44428.4,12,0.0,0.0,,,,7.9,
2,44445.7,1,0.0,0.0,DOWN,11,0.,
2,44467.0,1,75.0,0.2,,,,21.3,
2,44474.7,4,75.0,0.2,UP,3,75.,
2,44482.6,4,0.0,0.0,,,,7.9,
2,44490.4,1,0.0,0.0,DOWN,3,0.,
2,44516.0,1,375.0,1.1,,,,25.6,
2,44523.7,4,375.0,1.1,UP,3,375.,
2,44531.6,4,300.0,0.8,,,,7.9,
2,44539.4,7,300.0,0.8,UP,3,300.,
2,44547.3,7,225.0,0.6,,,,7.9,
2,44552.2,8,225.0,0.6,UP,1,225.,
2,44560.1,8,150.0,0.4,,,,7.9,
2,44572.7,15,150.0,0.4,UP,7,150.,
2,44581.8,15,0.0,0.0,,,,9.1,
2,44602.7,1,0.0,0.0,DOWN,14,0.,
2,44616.2,1,225.0,0.6,,,,13.5,
2,44622.7,3,225.0,0.6,UP,2,225.,
2,44630.6,3,150.0,0.4,,,,7.9,
2,44644.3,11,150.0,0.4,UP,8,150.,
2,44652.2,11,75.0,0.2,,,,7.9,
2,44657.2,12,75.0,0.2,UP,1,75.,
2,44665.1,12,0.0,0.0,,,,7.9,
2,44682.4,1,0.0,0.0,DOWN,11,0.,
2,44701.2,1,150.0,0.4,,,,18.8,
2,44718.5,12,150.0,0.4,UP,11,150.,
2,44726.4,12,75.0,0.2,,,,7.9,
2,44735.4,16,75.0,0.2,UP,4,75.,
2,44743.3,16,0.0,0.0,,,,7.9,
2,44765.4,1,0.0,0.0,DOWN,15,0.,
2,44781.8,1,600.0,1.7,,,,16.3,
2,44786.7,2,600.0,1.7,UP,1,600.,
2,44794.6,2,525.0,1.5,,,,7.9,
2,44799.6,3,525.0,1.5,UP,1,525.,
2,44807.5,3,450.0,1.3,,,,7.9,
2,44812.4,4,450.0,1.3,UP,1,450.,
2,44820.3,4,375.0,1.1,,,,7.9,
2,44825.3,5,375.0,1.1,UP,1,375.,
2,44833.2,5,300.0,0.8,,,,7.9,
2,44839.7,7,300.0,0.8,UP,2,300.,
2,44847.6,7,225.0,0.6,,,,7.9,
2,44852.5,8,225.0,0.6,UP,1,225.,
2,44860.4,8,150.0,0.4,,,,7.9,
2,44870.6,13,150.0,0.4,UP,5,150.,
2,44878.5,13,75.0,0.2,,,,7.9,
2,44886.2,16,75.0,0.2,UP,3,75.,
2,44894.1,16,0.0,0.0,,,,7.9,
2,44916.3,1,0.0,0.0,DOWN,15,0.,
2,44967.0,1,750.0,2.1,,,,50.7,
2,44972.0,2,750.0,2.1,UP,1,750.,
2,44979.9,2,675.0,1.9,,,,7.9,
2,44984.8,3,675.0,1.9,UP,1,675.,
2,44992.7,3,600.0,1.7,,,,7.9,
2,44999.2,5,600.0,1.7,UP,2,600.,
2,45007.1,5,525.0,1.5,,,,7.9,
2,45012.1,6,525.0,1.5,UP,1,525.,
2,45020.0,6,450.0,1.3,,,,7.9,
2,45024.9,7,450.0,1.3,UP,1,450.,
2,45032.8,7,375.0,1.1,,,,7.9,
2,45037.8,8,375.0,1.1,UP,1,375.,
2,45046.9,8,225.0,0.6,,,,9.1,
2,45051.8,9,225.0,0.6,UP,1,225.,
2,45059.7,9,150.0,0.4,,,,7.9,
2,45069.9,14,150.0,0.4,UP,5,150.,
2,45077.8,14,75.0,0.2,,,,7.9,
2,45084.3,16,75.0,0.2,UP,2,75.,
2,45092.2,16,0.0,0.0,,,,7.9,
2,45114.3,1,0.0,0.0,DOWN,15,0.,
2,45136.0,1,450.0,1.3,,,,21.6,
2,45140.9,2,450.0,1.3,UP,1,450.,
2,45148.8,2,375.0,1.1,,,,7.9,
2,45155.3,4,375.0,1.1,UP,2,375.,
2,45163.2,4,300.0,0.8,,,,7.9,
2,45171.0,7,300.0,0.8,UP,3,300.,
2,45178.9,7,225.0,0.6,,,,7.9,
2,45187.8,11,225.0,0.6,UP,4,225.,
2,45195.7,11,150.0,0.4,,,,7.9,
2,45203.5,14,150.0,0.4,UP,3,150.,
2,45211.4,14,75.0,0.2,,,,7.9,
2,45217.9,16,75.0,0.2,UP,2,75.,
2,45225.8,16,0.0,0.0,,,,7.9,
2,45247.9,1,0.0,0.0,DOWN,15,0.,
2,45296.4,1,750.0,2.1,,,,48.4,
2,45301.3,2,750.0,2.1,UP,1,750.,
2,45309.2,2,675.0,1.9,,,,7.9,
2,45317.0,5,675.0,1.9,UP,3,675.,
2,45326.1,5,525.0,1.5,,,,9.1,
2,45333.8,8,525.0,1.5,UP,3,525.,
2,45341.7,8,450.0,1.3,,,,7.9,
2,45348.2,10,450.0,1.3,UP,2,450.,
2,45356.1,10,375.0,1.1,,,,7.9,
2,45363.9,13,375.0,1.1,UP,3,375.,
2,45374.2,13,150.0,0.4,,,,10.3,
2,45380.7,15,150.0,0.4,UP,2,150.,
2,45388.6,15,75.0,0.2,,,,7.9,
2,45393.5,16,75.0,0.2,UP,1,75.,
2,45401.4,16,0.0,0.0,,,,7.9,
2,45423.6,1,0.0,0.0,DOWN,15,0.,
2,45442.3,1,750.0,2.1,,,,18.8,
2,45447.3,2,750.0,2.1,UP,1,750.,
2,45456.4,2,600.0,1.7,,,,9.1,
2,45464.1,5,600.0,1.7,UP,3,600.,
2,45473.2,5,450.0,1.3,,,,9.1,
2,45478.2,6,450.0,1.3,UP,1,450.,
2,45486.1,6,375.0,1.1,,,,7.9,
2,45491.0,7,375.0,1.1,UP,1,375.,
2,45498.9,7,300.0,0.8,,,,7.9,
2,45505.4,9,300.0,0.8,UP,2,300.,
2,45513.3,9,225.0,0.6,,,,7.9,
2,45518.3,10,225.0,0.6,UP,1,225.,
2,45526.2,10,150.0,0.4,,,,7.9,
2,45536.3,15,150.0,0.4,UP,5,150.,
2,45544.2,15,75.0,0.2,,,,7.9,
2,45549.2,16,75.0,0.2,UP,1,75.,
2,45557.1,16,0.0,0.0,,,,7.9,
2,45579.2,1,0.0,0.0,DOWN,15,0.,
2,45598.0,1,750.0,2.1,,,,18.8,
2,45604.5,3,750.0,2.1,UP,2,750.,
2,45612.4,3,675.0,1.9,,,,7.9,
2,45617.3,4,675.0,1.9,UP,1,675.,
2,45625.2,4,600.0,1.7,,,,7.9,
2,45630.2,5,600.0,1.7,UP,1,600.,
2,45638.1,5,525.0,1.5,,,,7.9,
2,45647.0,9,525.0,1.5,UP,4,525.,
2,45656.1,9,375.0,1.1,,,,9.1,
2,45661.1,10,375.0,1.1,UP,1,375.,
2,45670.2,10,225.0,0.6,,,,9.1,
2,45677.9,13,225.0,0.6,UP,3,225.,
2,45685.8,13,150.0,0.4,,,,7.9,
2,45692.3,15,150.0,0.4,UP,2,150.,
2,45701.4,15,0.0,0.0,,,,9.1,
2,45722.4,1,0.0,0.0,DOWN,14,0.,
2,45751.4,1,750.0,2.1,,,,29.0,
2,45759.1,4,750.0,2.1,UP,3,750.,
2,45767.0,4,675.0,1.9,,,,7.9,
2,45772.0,5,675.0,1.9,UP,1,675.,
2,45779.9,5,600.0,1.7,,,,7.9,
2,45784.8,6,600.0,1.7,UP,1,600.,
2,45792.7,6,525.0,1.5,,,,7.9,
2,45799.2,8,525.0,1.5,UP,2,525.,
2,45807.1,8,450.0,1.3,,,,7.9,
2,45814.9,11,450.0,1.3,UP,3,450.,
2,45824.0,11,300.0,0.8,,,,9.1,
2,45828.9,12,300.0,0.8,UP,1,300.,
2,45836.8,12,225.0,0.6,,,,7.9,
2,45844.6,15,225.0,0.6,UP,3,225.,
2,45853.7,15,75.0,0.2,,,,9.1,
2,45858.6,16,75.0,0.2,UP,1,75.,
2,45866.5,16,0.0,0.0,,,,7.9,
2,45888.7,1,0.0,0.0,DOWN,15,0.,
2,45918.0,1,75.0,0.2,,,,29.3,
2,45926.9,5,75.0,0.2,UP,4,75.,
2,45934.8,5,0.0,0.0,,,,7.9,
2,45943.8,1,0.0,0.0,DOWN,4,0.,
2,45952.9,1,150.0,0.4,,,,9.2,
2,45959.4,3,150.0,0.4,UP,2,150.,
2,45967.3,3,75.0,0.2,,,,7.9,
2,45982.3,12,75.0,0.2,UP,9,75.,
2,45990.2,12,0.0,0.0,,,,7.9,
2,46007.5,1,0.0,0.0,DOWN,11,0.,
2,46065.2,1,300.0,0.8,,,,57.7,
2,46071.7,3,300.0,0.8,UP,2,300.,
2,46079.6,3,225.0,0.6,,,,7.9,
2,46092.1,10,225.0,0.6,UP,7,225.,
2,46100.0,10,150.0,0.4,,,,7.9,
2,46107.8,13,150.0,0.4,UP,3,150.,
2,46116.9,13,0.0,0.0,,,,9.1,
2,46135.4,1,0.0,0.0,DOWN,12,0.,
2,46162.2,1,150.0,0.4,,,,26.8,
2,46171.1,5,150.0,0.4,UP,4,150.,
2,46179.0,5,75.0,0.2,,,,7.9,
2,46191.6,12,75.0,0.2,UP,7,75.,
2,46199.5,12,0.0,0.0,,,,7.9,
2,46216.8,1,0.0,0.0,DOWN,11,0.,
2,46237.2,1,150.0,0.4,,,,20.3,
2,46246.1,5,150.0,0.4,UP,4,150.,
2,46254.0,5,75.0,0.2,,,,7.9,
2,46261.8,8,75.0,0.2,UP,3,75.,
2,46269.7,8,0.0,0.0,,,,7.9,
2,46282.2,1,0.0,0.0,DOWN,7,0.,
2,46325.2,1,225.0,0.6,,,,43.0,
2,46334.1,5,225.0,0.6,UP,4,225.,
2,46343.2,5,75.0,0.2,,,,9.1,
2,46352.2,9,75.0,0.2,UP,4,75.,
2,46360.1,9,0.0,0.0,,,,7.9,
2,46373.8,1,0.0,0.0,DOWN,8,0.,
2,46395.0,1,75.0,0.2,,,,21.1,
2,46407.5,8,75.0,0.2,UP,7,75.,
2,46415.4,8,0.0,0.0,,,,7.9,
2,46428.0,1,0.0,0.0,DOWN,7,0.,
2,46437.1,1,150.0,0.4,,,,9.2,
2,46449.7,8,150.0,0.4,UP,7,150.,
2,46457.6,8,75.0,0.2,,,,7.9,
2,46470.1,15,75.0,0.2,UP,7,75.,
2,46478.0,15,0.0,0.0,,,,7.9,
2,46499.0,1,0.0,0.0,DOWN,14,0.,
3,43200.0,1,0.0,0.0,
3,43237.2,1,150.0,0.4,,,,37.2,
3,43249.7,8,150.0,0.4,UP,7,150.,
3,43257.6,8,75.0,0.2,,,,7.9,
3,43265.4,11,75.0,0.2,UP,3,75.,
3,43273.3,11,0.0,0.0,,,,7.9,
3,43289.4,1,0.0,0.0,DOWN,10,0.,
3,43298.0,1,75.0,0.2,,,,8.5,
3,43318.9,15,75.0,0.2,UP,14,75.,
3,43326.8,15,0.0,0.0,,,,7.9,
3,43347.8,1,0.0,0.0,DOWN,14,0.,
3,43392.6,1,300.0,0.8,,,,44.8,
3,43406.3,9,300.0,0.8,UP,8,300.,
3,43414.2,9,225.0,0.6,,,,7.9,
3,43420.7,11,225.0,0.6,UP,2,225.,
3,43428.6,11,150.0,0.4,,,,7.9,
3,43435.1,13,150.0,0.4,UP,2,150.,
3,43443.0,13,75.0,0.2,,,,7.9,
3,43449.5,15,75.0,0.2,UP,2,75.,
3,43457.4,15,0.0,0.0,,,,7.9,
3,43478.4,1,0.0,0.0,DOWN,14,0.,
3,43490.0,1,75.0,0.2,,,,11.7,
3,43505.0,10,75.0,0.2,UP,9,75.,
3,43512.9,10,0.0,0.0,,,,7.9,
3,43527.8,1,0.0,0.0,DOWN,9,0.,
3,43589.0,1,375.0,1.1,,,,61.1,
3,43601.5,8,375.0,1.1,UP,7,375.,
3,43609.4,8,300.0,0.8,,,,7.9,
3,43614.4,9,300.0,0.8,UP,1,300.,
3,43623.5,9,150.0,0.4,,,,9.1,
3,43633.6,14,150.0,0.4,UP,5,150.,
3,43642.7,14,0.0,0.0,,,,9.1,
3,43662.5,1,0.0,0.0,DOWN,13,0.,
3,43759.0,1,300.0,0.8,,,,96.6,
3,43766.8,4,300.0,0.8,UP,3,300.,
3,43774.7,4,225.0,0.6,,,,7.9,
3,43779.6,5,225.0,0.6,UP,1,225.,
3,43787.5,5,150.0,0.4,,,,7.9,
3,43792.5,6,150.0,0.4,UP,1,150.,
3,43800.4,6,75.0,0.2,,,,7.9,
3,43816.5,16,75.0,0.2,UP,10,75.,
3,43824.4,16,0.0,0.0,,,,7.9,
3,43846.6,1,0.0,0.0,DOWN,15,0.,
3,43895.0,1,75.0,0.2,,,,48.4,
3,43901.5,3,75.0,0.2,UP,2,75.,
3,43909.4,3,0.0,0.0,,,,7.9,
3,43915.9,1,0.0,0.0,DOWN,2,0.,
3,43933.4,1,225.0,0.6,,,,17.5,
3,43944.7,7,225.0,0.6,UP,6,225.,
3,43952.6,7,150.0,0.4,,,,7.9,
3,43961.6,11,150.0,0.4,UP,4,150.,
3,43969.5,11,75.0,0.2,,,,7.9,
3,43976.0,13,75.0,0.2,UP,2,75.,
3,43983.9,13,0.0,0.0,,,,7.9,
3,44002.4,1,0.0,0.0,DOWN,12,0.,
3,44022.2,1,300.0,0.8,,,,19.8,
3,44027.1,2,300.0,0.8,UP,1,300.,
3,44035.0,2,225.0,0.6,,,,7.9,
3,44044.0,6,225.0,0.6,UP,4,225.,
3,44051.9,6,150.0,0.4,,,,7.9,
3,44059.6,9,150.0,0.4,UP,3,150.,
3,44067.5,9,75.0,0.2,,,,7.9,
3,44078.9,15,75.0,0.2,UP,6,75.,
3,44086.8,15,0.0,0.0,,,,7.9,
3,44107.7,1,0.0,0.0,DOWN,14,0.,
3,44125.0,1,75.0,0.2,,,,17.3,
3,44137.5,8,75.0,0.2,UP,7,75.,
3,44145.4,8,0.0,0.0,,,,7.9,
3,44158.0,1,0.0,0.0,DOWN,7,0.,
3,44181.0,1,75.0,0.2,,,,23.0,
3,44189.9,5,75.0,0.2,UP,4,75.,
3,44197.8,5,0.0,0.0,,,,7.9,
3,44206.8,1,0.0,0.0,DOWN,4,0.,
3,44221.0,1,75.0,0.2,,,,14.2,
3,44233.5,8,75.0,0.2,UP,7,75.,
3,44241.4,8,0.0,0.0,,,,7.9,
3,44254.0,1,0.0,0.0,DOWN,7,0.,
3,44303.2,1,150.0,0.4,,,,49.2,
3,44315.7,8,150.0,0.4,UP,7,150.,
3,44323.6,8,75.0,0.2,,,,7.9,
3,44336.2,15,75.0,0.2,UP,7,75.,
3,44344.1,15,0.0,0.0,,,,7.9,
3,44365.0,1,0.0,0.0,DOWN,14,0.,
3,44376.2,1,150.0,0.4,,,,11.2,
3,44393.5,12,150.0,0.4,UP,11,150.,
3,44401.4,12,75.0,0.2,,,,7.9,
3,44407.9,14,75.0,0.2,UP,2,75.,
3,44415.8,14,0.0,0.0,,,,7.9,
3,44435.6,1,0.0,0.0,DOWN,13,0.,
3,44450.2,1,225.0,0.6,,,,14.6,
3,44466.3,11,225.0,0.6,UP,10,225.,
3,44474.2,11,150.0,0.4,,,,7.9,
3,44482.0,14,150.0,0.4,UP,3,150.,
3,44489.9,14,75.0,0.2,,,,7.9,
3,44496.4,16,75.0,0.2,UP,2,75.,
3,44504.3,16,0.0,0.0,,,,7.9,
3,44526.4,1,0.0,0.0,DOWN,15,0.,
3,44547.2,1,225.0,0.6,,,,20.8,
3,44560.9,9,225.0,0.6,UP,8,225.,
3,44568.8,9,150.0,0.4,,,,7.9,
3,44575.3,11,150.0,0.4,UP,2,150.,
3,44583.2,11,75.0,0.2,,,,7.9,
3,44591.0,14,75.0,0.2,UP,3,75.,
3,44598.9,14,0.0,0.0,,,,7.9,
3,44618.6,1,0.0,0.0,DOWN,13,0.,
3,44626.6,1,75.0,0.2,,,,8.0,
3,44643.9,12,75.0,0.2,UP,11,75.,
3,44651.8,12,0.0,0.0,,,,7.9,
3,44669.2,1,0.0,0.0,DOWN,11,0.,
3,44691.0,1,525.0,1.5,,,,21.8,
3,44695.9,2,525.0,1.5,UP,1,525.,
3,44703.8,2,450.0,1.3,,,,7.9,
3,44708.8,3,450.0,1.3,UP,1,450.,
3,44716.7,3,375.0,1.1,,,,7.9,
3,44721.6,4,375.0,1.1,UP,1,375.,
3,44729.5,4,300.0,0.8,,,,7.9,
3,44738.5,8,300.0,0.8,UP,4,300.,
3,44746.4,8,225.0,0.6,,,,7.9,
3,44751.3,9,225.0,0.6,UP,1,225.,
3,44759.2,9,150.0,0.4,,,,7.9,
3,44765.7,11,150.0,0.4,UP,2,150.,
3,44773.6,11,75.0,0.2,,,,7.9,
3,44780.1,13,75.0,0.2,UP,2,75.,
3,44788.0,13,0.0,0.0,,,,7.9,
3,44806.6,1,0.0,0.0,DOWN,12,0.,
3,44820.0,1,75.0,0.2,,,,13.4,
3,44832.5,8,75.0,0.2,UP,7,75.,
3,44840.4,8,0.0,0.0,,,,7.9,
3,44853.0,1,0.0,0.0,DOWN,7,0.,
3,44862.1,1,150.0,0.4,,,,9.2,
3,44877.1,10,150.0,0.4,UP,9,150.,
3,44886.2,10,0.0,0.0,,,,9.1,
3,44901.1,1,0.0,0.0,DOWN,9,0.,
3,44919.9,1,750.0,2.1,,,,18.8,
3,44924.8,2,750.0,2.1,UP,1,750.,
3,44932.7,2,675.0,1.9,,,,7.9,
3,44942.9,7,675.0,1.9,UP,5,675.,
3,44950.8,7,600.0,1.7,,,,7.9,
3,44955.7,8,600.0,1.7,UP,1,600.,
3,44966.0,8,375.0,1.1,,,,10.3,
3,44976.2,13,375.0,1.1,UP,5,375.,
3,44984.1,13,300.0,0.8,,,,7.9,
3,44989.0,14,300.0,0.8,UP,1,300.,
3,44996.9,14,225.0,0.6,,,,7.9,
3,45001.9,15,225.0,0.6,UP,1,225.,
3,45011.0,15,75.0,0.2,,,,9.1,
3,45015.9,16,75.0,0.2,UP,1,75.,
3,45023.8,16,0.0,0.0,,,,7.9,
3,45046.0,1,0.0,0.0,DOWN,15,0.,
3,45064.7,1,750.0,2.1,,,,18.7,
3,45071.2,3,750.0,2.1,UP,2,750.,
3,45079.1,3,675.0,1.9,,,,7.9,
3,45084.0,4,675.0,1.9,UP,1,675.,
3,45091.9,4,600.0,1.7,,,,7.9,
3,45096.9,5,600.0,1.7,UP,1,600.,
3,45104.8,5,525.0,1.5,,,,7.9,
3,45112.5,8,525.0,1.5,UP,3,525.,
3,45120.4,8,450.0,1.3,,,,7.9,
3,45125.4,9,450.0,1.3,UP,1,450.,
3,45133.3,9,375.0,1.1,,,,7.9,
3,45138.2,10,375.0,1.1,UP,1,375.,
3,45146.1,10,300.0,0.8,,,,7.9,
3,45153.9,13,300.0,0.8,UP,3,300.,
3,45163.0,13,150.0,0.4,,,,9.1,
3,45170.7,16,150.0,0.4,UP,3,150.,
3,45179.8,16,0.0,0.0,,,,9.1,
3,45202.0,1,0.0,0.0,DOWN,15,0.,
3,45220.7,1,750.0,2.1,,,,18.7,
3,45227.2,3,750.0,2.1,UP,2,750.,
3,45235.1,3,675.0,1.9,,,,7.9,
3,45240.0,4,675.0,1.9,UP,1,675.,
3,45247.9,4,600.0,1.7,,,,7.9,
3,45252.9,5,600.0,1.7,UP,1,600.,
3,45260.8,5,525.0,1.5,,,,7.9,
3,45267.3,7,525.0,1.5,UP,2,525.,
3,45275.2,7,450.0,1.3,,,,7.9,
3,45282.9,10,450.0,1.3,UP,3,450.,
3,45290.8,10,375.0,1.1,,,,7.9,
3,45297.3,12,375.0,1.1,UP,2,375.,
3,45306.4,12,225.0,0.6,,,,9.1,
3,45311.4,13,225.0,0.6,UP,1,225.,
3,45320.5,13,75.0,0.2,,,,9.1,
3,45327.0,15,75.0,0.2,UP,2,75.,
3,45334.9,15,0.0,0.0,,,,7.9,
3,45355.8,1,0.0,0.0,DOWN,14,0.,
3,45374.5,1,750.0,2.1,,,,18.7,
3,45381.0,3,750.0,2.1,UP,2,750.,
3,45392.5,3,450.0,1.3,,,,11.5,
3,45397.5,4,450.0,1.3,UP,1,450.,
3,45406.6,4,300.0,0.8,,,,9.1,
3,45411.5,5,300.0,0.8,UP,1,300.,
3,45420.6,5,150.0,0.4,,,,9.1,
3,45434.4,13,150.0,0.4,UP,8,150.,
3,45442.3,13,75.0,0.2,,,,7.9,
3,45450.0,16,75.0,0.2,UP,3,75.,
3,45457.9,16,0.0,0.0,,,,7.9,
3,45480.1,1,0.0,0.0,DOWN,15,0.,
3,45498.8,1,750.0,2.1,,,,18.7,
3,45506.5,4,750.0,2.1,UP,3,750.,
3,45514.4,4,675.0,1.9,,,,7.9,
3,45519.4,5,675.0,1.9,UP,1,675.,
3,45527.3,5,600.0,1.7,,,,7.9,
3,45532.2,6,600.0,1.7,UP,1,600.,
3,45541.3,6,450.0,1.3,,,,9.1,
3,45546.3,7,450.0,1.3,UP,1,450.,
3,45554.2,7,375.0,1.1,,,,7.9,
3,45561.9,10,375.0,1.1,UP,3,375.,
3,45569.8,10,300.0,0.8,,,,7.9,
3,45577.6,13,300.0,0.8,UP,3,300.,
3,45587.9,13,75.0,0.2,,,,10.3,
3,45594.4,15,75.0,0.2,UP,2,75.,
3,45602.3,15,0.0,0.0,,,,7.9,
3,45623.2,1,0.0,0.0,DOWN,14,0.,
3,45642.0,1,750.0,2.1,,,,18.8,
3,45649.7,4,750.0,2.1,UP,3,750.,
3,45657.6,4,675.0,1.9,,,,7.9,
3,45662.6,5,675.0,1.9,UP,1,675.,
3,45671.7,5,525.0,1.5,,,,9.1,
3,45680.6,9,525.0,1.5,UP,4,525.,
3,45688.5,9,450.0,1.3,,,,7.9,
3,45693.5,10,450.0,1.3,UP,1,450.,
3,45702.6,10,300.0,0.8,,,,9.1,
3,45713.9,16,300.0,0.8,UP,6,300.,
3,45725.4,16,0.0,0.0,,,,11.5,
3,45747.6,1,0.0,0.0,DOWN,15,0.,
3,45770.1,1,750.0,2.1,,,,22.5,
3,45777.9,4,750.0,2.1,UP,3,750.,
3,45785.8,4,675.0,1.9,,,,7.9,
3,45792.3,6,675.0,1.9,UP,2,675.,
3,45801.4,6,525.0,1.5,,,,9.1,
3,45809.1,9,525.0,1.5,UP,3,525.,
3,45817.0,9,450.0,1.3,,,,7.9,
3,45828.4,15,450.0,1.3,UP,6,450.,
3,45841.1,15,75.0,0.2,,,,12.7,
3,45846.0,16,75.0,0.2,UP,1,75.,
3,45853.9,16,0.0,0.0,,,,7.9,
3,45876.1,1,0.0,0.0,DOWN,15,0.,
3,45904.9,1,600.0,1.7,,,,28.8,
3,45912.7,4,600.0,1.7,UP,3,600.,
3,45920.6,4,525.0,1.5,,,,7.9,
3,45927.1,6,525.0,1.5,UP,2,525.,
3,45935.0,6,450.0,1.3,,,,7.9,
3,45939.9,7,450.0,1.3,UP,1,450.,
3,45949.0,7,300.0,0.8,,,,9.1,
3,45956.8,10,300.0,0.8,UP,3,300.,
3,45964.7,10,225.0,0.6,,,,7.9,
3,45973.6,14,225.0,0.6,UP,4,225.,
3,45981.5,14,150.0,0.4,,,,7.9,
3,45986.5,15,150.0,0.4,UP,1,150.,
3,45995.6,15,0.0,0.0,,,,9.1,
3,46016.5,1,0.0,0.0,DOWN,14,0.,
3,46040.0,1,150.0,0.4,,,,23.4,
3,46046.5,3,150.0,0.4,UP,2,150.,
3,46054.4,3,75.0,0.2,,,,7.9,
3,46070.5,13,75.0,0.2,UP,10,75.,
3,46078.4,13,0.0,0.0,,,,7.9,
3,46097.0,1,0.0,0.0,DOWN,12,0.,
3,46107.3,1,225.0,0.6,,,,10.4,
3,46113.8,3,225.0,0.6,UP,2,225.,
3,46121.7,3,150.0,0.4,,,,7.9,
3,46130.7,7,150.0,0.4,UP,4,150.,
3,46138.6,7,75.0,0.2,,,,7.9,
3,46145.1,9,75.0,0.2,UP,2,75.,
3,46153.0,9,0.0,0.0,,,,7.9,
3,46166.7,1,0.0,0.0,DOWN,8,0.,
3,46183.2,1,150.0,0.4,,,,16.5,
3,46192.1,5,150.0,0.4,UP,4,150.,
3,46200.0,5,75.0,0.2,,,,7.9,
3,46217.4,16,75.0,0.2,UP,11,75.,
3,46225.3,16,0.0,0.0,,,,7.9,
3,46247.4,1,0.0,0.0,DOWN,15,0.,
3,46303.0,1,75.0,0.2,,,,55.5,
3,46315.5,8,75.0,0.2,UP,7,75.,
3,46323.4,8,0.0,0.0,,,,7.9,
3,46336.0,1,0.0,0.0,DOWN,7,0.,
3,46386.0,1,75.0,0.2,,,,50.0,
3,46403.3,12,75.0,0.2,UP,11,75.,
3,46411.2,12,0.0,0.0,,,,7.9,
3,46428.6,1,0.0,0.0,DOWN,11,0.,
3,46446.0,1,75.0,0.2,,,,17.4,
3,46458.5,8,75.0,0.2,UP,7,75.,
3,46466.4,8,0.0,0.0,,,,7.9,
3,46479.0,1,0.0,0.0,DOWN,7,0.,
3,46494.0,1,75.0,0.2,,,,15.0,
3,46498.9,2,75.0,0.2,UP,1,75.,
4,43200.0,1,0.0,0.0,
4,43211.2,1,150.0,0.4,,,,11.2,
4,43216.1,2,150.0,0.4,UP,1,150.,
4,43224.0,2,75.0,0.2,,,,7.9,
4,43229.0,3,75.0,0.2,UP,1,75.,
4,43236.9,3,0.0,0.0,,,,7.9,
4,43243.4,1,0.0,0.0,DOWN,2,0.,
4,43270.0,1,75.0,0.2,,,,26.6,
4,43290.9,15,75.0,0.2,UP,14,75.,
4,43298.8,15,0.0,0.0,,,,7.9,
4,43319.8,1,0.0,0.0,DOWN,14,0.,
4,43372.0,1,300.0,0.8,,,,52.2,
4,43376.9,2,300.0,0.8,UP,1,300.,
4,43384.8,2,225.0,0.6,,,,7.9,
4,43396.2,8,225.0,0.6,UP,6,225.,
4,43404.1,8,150.0,0.4,,,,7.9,
4,43411.8,11,150.0,0.4,UP,3,150.,
4,43419.7,11,75.0,0.2,,,,7.9,
4,43426.2,13,75.0,0.2,UP,2,75.,
4,43434.1,13,0.0,0.0,,,,7.9,
4,43452.7,1,0.0,0.0,DOWN,12,0.,
4,43463.0,1,75.0,0.2,,,,10.3,
4,43479.1,11,75.0,0.2,UP,10,75.,
4,43487.0,11,0.0,0.0,,,,7.9,
4,43503.2,1,0.0,0.0,DOWN,10,0.,
4,43525.2,1,150.0,0.4,,,,22.0,
4,43542.5,12,150.0,0.4,UP,11,150.,
4,43550.4,12,75.0,0.2,,,,7.9,
4,43556.9,14,75.0,0.2,UP,2,75.,
4,43564.8,14,0.0,0.0,,,,7.9,
4,43584.6,1,0.0,0.0,DOWN,13,0.,
4,43597.0,1,75.0,0.2,,,,12.4,
4,43614.3,12,75.0,0.2,UP,11,75.,
4,43622.2,12,0.0,0.0,,,,7.9,
4,43639.6,1,0.0,0.0,DOWN,11,0.,
4,43679.0,1,225.0,0.6,,,,39.4,
4,43683.9,2,225.0,0.6,UP,1,225.,
4,43691.8,2,150.0,0.4,,,,7.9,
4,43698.3,4,150.0,0.4,UP,2,150.,
4,43706.2,4,75.0,0.2,,,,7.9,
4,43724.8,16,75.0,0.2,UP,12,75.,
4,43732.7,16,0.0,0.0,,,,7.9,
4,43754.8,1,0.0,0.0,DOWN,15,0.,
4,43785.0,1,225.0,0.6,,,,30.1,
4,43796.3,7,225.0,0.6,UP,6,225.,
4,43804.2,7,150.0,0.4,,,,7.9,
4,43816.8,14,150.0,0.4,UP,7,150.,
4,43824.7,14,75.0,0.2,,,,7.9,
4,43831.2,16,75.0,0.2,UP,2,75.,
4,43839.1,16,0.0,0.0,,,,7.9,
4,43861.2,1,0.0,0.0,DOWN,15,0.,
4,43877.0,1,75.0,0.2,,,,15.8,
4,43896.7,14,75.0,0.2,UP,13,75.,
4,43904.6,14,0.0,0.0,,,,7.9,
4,43924.4,1,0.0,0.0,DOWN,13,0.,
4,43940.0,1,75.0,0.2,,,,15.6,
4,43959.7,14,75.0,0.2,UP,13,75.,
4,43967.6,14,0.0,0.0,,,,7.9,
4,43987.4,1,0.0,0.0,DOWN,13,0.,
4,44000.2,1,375.0,1.1,,,,12.8,
4,44006.7,3,375.0,1.1,UP,2,375.,
4,44014.6,3,300.0,0.8,,,,7.9,
4,44024.7,8,300.0,0.8,UP,5,300.,
4,44032.6,8,225.0,0.6,,,,7.9,
4,44037.6,9,225.0,0.6,UP,1,225.,
4,44045.5,9,150.0,0.4,,,,7.9,
4,44056.8,15,150.0,0.4,UP,6,150.,
4,44065.9,15,0.0,0.0,,,,9.1,
4,44086.9,1,0.0,0.0,DOWN,14,0.,
4,44109.0,1,75.0,0.2,,,,22.1,
4,44122.7,9,75.0,0.2,UP,8,75.,
4,44130.6,9,0.0,0.0,,,,7.9,
4,44144.4,1,0.0,0.0,DOWN,8,0.,
4,44169.0,1,75.0,0.2,,,,24.6,
4,44187.5,13,75.0,0.2,UP,12,75.,
4,44195.4,13,0.0,0.0,,,,7.9,
4,44214.0,1,0.0,0.0,DOWN,12,0.,
4,44227.0,1,75.0,0.2,,,,13.0,
4,44240.7,9,75.0,0.2,UP,8,75.,
4,44248.6,9,0.0,0.0,,,,7.9,
4,44262.4,1,0.0,0.0,DOWN,8,0.,
4,44291.4,1,375.0,1.1,,,,29.0,
4,44297.9,3,375.0,1.1,UP,2,375.,
4,44305.8,3,300.0,0.8,,,,7.9,
4,44314.7,7,300.0,0.8,UP,4,300.,
4,44322.6,7,225.0,0.6,,,,7.9,
4,44329.1,9,225.0,0.6,UP,2,225.,
4,44337.0,9,150.0,0.4,,,,7.9,
4,44348.4,15,150.0,0.4,UP,6,150.,
4,44356.3,15,75.0,0.2,,,,7.9,
4,44361.2,16,75.0,0.2,UP,1,75.,
4,44369.1,16,0.0,0.0,,,,7.9,
4,44391.3,1,0.0,0.0,DOWN,15,0.,
4,44422.2,1,450.0,1.3,,,,30.9,
4,44428.7,3,450.0,1.3,UP,2,450.,
4,44436.6,3,375.0,1.1,,,,7.9,
4,44441.5,4,375.0,1.1,UP,1,375.,
4,44450.6,4,225.0,0.6,,,,9.1,
4,44460.8,9,225.0,0.6,UP,5,225.,
4,44468.7,9,150.0,0.4,,,,7.9,
4,44481.2,16,150.0,0.4,UP,7,150.,
4,44490.4,16,0.0,0.0,,,,9.2,
4,44512.5,1,0.0,0.0,DOWN,15,0.,
4,44523.0,1,75.0,0.2,,,,10.4,
4,44531.9,5,75.0,0.2,UP,4,75.,
4,44539.8,5,0.0,0.0,,,,7.9,
4,44548.8,1,0.0,0.0,DOWN,4,0.,
4,44557.9,1,150.0,0.4,,,,9.2,
4,44564.4,3,150.0,0.4,UP,2,150.,
4,44572.3,3,75.0,0.2,,,,7.9,
4,44592.1,16,75.0,0.2,UP,13,75.,
4,44600.0,16,0.0,0.0,,,,7.9,
4,44622.1,1,0.0,0.0,DOWN,15,0.,
4,44644.2,1,300.0,0.8,,,,22.1,
4,44649.1,2,300.0,0.8,UP,1,300.,
4,44657.0,2,225.0,0.6,,,,7.9,
4,44662.0,3,225.0,0.6,UP,1,225.,
4,44669.9,3,150.0,0.4,,,,7.9,
4,44680.0,8,150.0,0.4,UP,5,150.,
4,44687.9,8,75.0,0.2,,,,7.9,
4,44698.1,13,75.0,0.2,UP,5,75.,
4,44706.0,13,0.0,0.0,,,,7.9,
4,44724.5,1,0.0,0.0,DOWN,12,0.,
4,44738.0,1,75.0,0.2,,,,13.4,
4,44754.1,11,75.0,0.2,UP,10,75.,
4,44762.0,11,0.0,0.0,,,,7.9,
4,44778.2,1,0.0,0.0,DOWN,10,0.,
4,44811.2,1,450.0,1.3,,,,33.0,
4,44820.1,5,450.0,1.3,UP,4,450.,
4,44829.2,5,300.0,0.8,,,,9.1,
4,44834.2,6,300.0,0.8,UP,1,300.,
4,44842.1,6,225.0,0.6,,,,7.9,
4,44847.0,7,225.0,0.6,UP,1,225.,
4,44854.9,7,150.0,0.4,,,,7.9,
4,44861.4,9,150.0,0.4,UP,2,150.,
4,44869.3,9,75.0,0.2,,,,7.9,
4,44877.1,12,75.0,0.2,UP,3,75.,
4,44885.0,12,0.0,0.0,,,,7.9,
4,44902.3,1,0.0,0.0,DOWN,11,0.,
4,44938.6,1,750.0,2.1,,,,36.3,
4,44945.1,3,750.0,2.1,UP,2,750.,
4,44954.2,3,600.0,1.7,,,,9.1,
4,44963.2,7,600.0,1.7,UP,4,600.,
4,44971.1,7,525.0,1.5,,,,7.9,
4,44976.0,8,525.0,1.5,UP,1,525.,
4,44983.9,8,450.0,1.3,,,,7.9,
4,44991.7,11,450.0,1.3,UP,3,450.,
4,44999.6,11,375.0,1.1,,,,7.9,
4,45004.5,12,375.0,1.1,UP,1,375.,
4,45014.8,12,150.0,0.4,,,,10.3,
4,45021.3,14,150.0,0.4,UP,2,150.,
4,45029.2,14,75.0,0.2,,,,7.9,
4,45035.7,16,75.0,0.2,UP,2,75.,
4,45043.6,16,0.0,0.0,,,,7.9,
4,45065.8,1,0.0,0.0,DOWN,15,0.,
4,45102.2,1,750.0,2.1,,,,36.4,
4,45108.7,3,750.0,2.1,UP,2,750.,
4,45116.6,3,675.0,1.9,,,,7.9,
4,45121.5,4,675.0,1.9,UP,1,675.,
4,45129.4,4,600.0,1.7,,,,7.9,
4,45135.9,6,600.0,1.7,UP,2,600.,
4,45143.8,6,525.0,1.5,,,,7.9,
4,45148.8,7,525.0,1.5,UP,1,525.,
4,45156.7,7,450.0,1.3,,,,7.9,
4,45163.2,9,450.0,1.3,UP,2,450.,
4,45171.1,9,375.0,1.1,,,,7.9,
4,45177.6,11,375.0,1.1,UP,2,375.,
4,45185.5,11,300.0,0.8,,,,7.9,
4,45192.0,13,300.0,0.8,UP,2,300.,
4,45199.9,13,225.0,0.6,,,,7.9,
4,45204.8,14,225.0,0.6,UP,1,225.,
4,45213.9,14,75.0,0.2,,,,9.1,
4,45218.9,15,75.0,0.2,UP,1,75.,
4,45226.8,15,0.0,0.0,,,,7.9,
4,45247.7,1,0.0,0.0,DOWN,14,0.,
4,45267.2,1,750.0,2.1,,,,19.5,
4,45272.1,2,750.0,2.1,UP,1,750.,
4,45281.2,2,600.0,1.7,,,,9.1,
4,45287.7,4,600.0,1.7,UP,2,600.,
4,45296.8,4,450.0,1.3,,,,9.1,
4,45304.6,7,450.0,1.3,UP,3,450.,
4,45313.7,7,300.0,0.8,,,,9.1,
4,45321.4,10,300.0,0.8,UP,3,300.,
4,45330.5,10,150.0,0.4,,,,9.1,
4,45341.9,16,150.0,0.4,UP,6,150.,
4,45351.0,16,0.0,0.0,,,,9.1,
4,45373.1,1,0.0,0.0,DOWN,15,0.,
4,45393.3,1,750.0,2.1,,,,20.2,
4,45398.2,2,750.0,2.1,UP,1,750.,
4,45406.1,2,675.0,1.9,,,,7.9,
4,45411.1,3,675.0,1.9,UP,1,675.,
4,45419.0,3,600.0,1.7,,,,7.9,
4,45423.9,4,600.0,1.7,UP,1,600.,
4,45433.0,4,450.0,1.3,,,,9.1,
4,45439.5,6,450.0,1.3,UP,2,450.,
4,45447.4,6,375.0,1.1,,,,7.9,
4,45453.9,8,375.0,1.1,UP,2,375.,
4,45461.8,8,300.0,0.8,,,,7.9,
4,45466.8,9,300.0,0.8,UP,1,300.,
4,45474.7,9,225.0,0.6,,,,7.9,
4,45481.2,11,225.0,0.6,UP,2,225.,
4,45489.1,11,150.0,0.4,,,,7.9,
4,45495.6,13,150.0,0.4,UP,2,150.,
4,45503.5,13,75.0,0.2,,,,7.9,
4,45511.2,16,75.0,0.2,UP,3,75.,
4,45519.1,16,0.0,0.0,,,,7.9,
4,45541.3,1,0.0,0.0,DOWN,15,0.,
4,45560.0,1,750.0,2.1,,,,18.7,
4,45566.5,3,750.0,2.1,UP,2,750.,
4,45575.6,3,600.0,1.7,,,,9.1,
4,45580.5,4,600.0,1.7,UP,1,600.,
4,45588.4,4,525.0,1.5,,,,7.9,
4,45596.2,7,525.0,1.5,UP,3,525.,
4,45605.3,7,375.0,1.1,,,,9.1,
4,45611.8,9,375.0,1.1,UP,2,375.,
4,45619.7,9,300.0,0.8,,,,7.9,
4,45626.2,11,300.0,0.8,UP,2,300.,
4,45634.1,11,225.0,0.6,,,,7.9,
4,45641.8,14,225.0,0.6,UP,3,225.,
4,45650.9,14,75.0,0.2,,,,9.1,
4,45655.9,15,75.0,0.2,UP,1,75.,
4,45663.8,15,0.0,0.0,,,,7.9,
4,45684.7,1,0.0,0.0,DOWN,14,0.,
4,45703.4,1,750.0,2.1,,,,18.7,
4,45708.4,2,750.0,2.1,UP,1,750.,
4,45716.3,2,675.0,1.9,,,,7.9,
4,45722.8,4,675.0,1.9,UP,2,675.,
4,45731.9,4,525.0,1.5,,,,9.1,
4,45736.8,5,525.0,1.5,UP,1,525.,
4,45744.7,5,450.0,1.3,,,,7.9,
4,45749.7,6,450.0,1.3,UP,1,450.,
4,45757.6,6,375.0,1.1,,,,7.9,
4,45765.3,9,375.0,1.1,UP,3,375.,
4,45773.2,9,300.0,0.8,,,,7.9,
4,45779.7,11,300.0,0.8,UP,2,300.,
4,45787.6,11,225.0,0.6,,,,7.9,
4,45795.4,14,225.0,0.6,UP,3,225.,
4,45803.3,14,150.0,0.4,,,,7.9,
4,45808.2,15,150.0,0.4,UP,1,150.,
4,45816.1,15,75.0,0.2,,,,7.9,
4,45821.1,16,75.0,0.2,UP,1,75.,
4,45829.0,16,0.0,0.0,,,,7.9,
4,45851.1,1,0.0,0.0,DOWN,15,0.,
4,45869.8,1,750.0,2.1,,,,18.7,
4,45876.3,3,750.0,2.1,UP,2,750.,
4,45884.2,3,675.0,1.9,,,,7.9,
4,45889.2,4,675.0,1.9,UP,1,675.,
4,45898.3,4,525.0,1.5,,,,9.1,
4,45903.2,5,525.0,1.5,UP,1,525.,
4,45912.3,5,375.0,1.1,,,,9.1,
4,45921.3,9,375.0,1.1,UP,4,375.,
4,45930.4,9,225.0,0.6,,,,9.1,
4,45939.3,13,225.0,0.6,UP,4,225.,
4,45947.2,13,150.0,0.4,,,,7.9,
4,45952.2,14,150.0,0.4,UP,1,150.,
4,45960.1,14,75.0,0.2,,,,7.9,
4,45965.0,15,75.0,0.2,UP,1,75.,
4,45972.9,15,0.0,0.0,,,,7.9,
4,45993.9,1,0.0,0.0,DOWN,14,0.,
4,46011.2,1,600.0,1.7,,,,17.3,
4,46017.7,3,600.0,1.7,UP,2,600.,
4,46026.8,3,450.0,1.3,,,,9.1,
4,46031.7,4,450.0,1.3,UP,1,450.,
4,46039.6,4,375.0,1.1,,,,7.9,
4,46044.6,5,375.0,1.1,UP,1,375.,
4,46052.5,5,300.0,0.8,,,,7.9,
4,46057.4,6,300.0,0.8,UP,1,300.,
4,46065.3,6,225.0,0.6,,,,7.9,
4,46070.3,7,225.0,0.6,UP,1,225.,
4,46078.2,7,150.0,0.4,,,,7.9,
4,46089.5,13,150.0,0.4,UP,6,150.,
4,46097.4,13,75.0,0.2,,,,7.9,
4,46102.4,14,75.0,0.2,UP,1,75.,
4,46110.3,14,0.0,0.0,,,,7.9,
4,46130.0,1,0.0,0.0,DOWN,13,0.,
4,46145.2,1,150.0,0.4,,,,15.2,
4,46166.1,15,150.0,0.4,UP,14,150.,
4,46175.2,15,0.0,0.0,,,,9.1,
4,46196.2,1,0.0,0.0,DOWN,14,0.,
4,46216.2,1,225.0,0.6,,,,20.0,
4,46221.2,2,225.0,0.6,UP,1,225.,
4,46229.1,2,150.0,0.4,,,,7.9,
4,46234.0,3,150.0,0.4,UP,1,150.,
4,46241.9,3,75.0,0.2,,,,7.9,
4,46254.5,10,75.0,0.2,UP,7,75.,
4,46262.4,10,0.0,0.0,,,,7.9,
4,46277.3,1,0.0,0.0,DOWN,9,0.,
4,46288.0,1,75.0,0.2,,,,10.6,
4,46307.7,14,75.0,0.2,UP,13,75.,
4,46315.6,14,0.0,0.0,,,,7.9,
4,46335.4,1,0.0,0.0,DOWN,13,0.,
4,46375.0,1,225.0,0.6,,,,39.6,
4,46383.9,5,225.0,0.6,UP,4,225.,
4,46391.8,5,150.0,0.4,,,,7.9,
4,46404.4,12,150.0,0.4,UP,7,150.,
4,46412.3,12,75.0,0.2,,,,7.9,
4,46420.0,15,75.0,0.2,UP,3,75.,
4,46427.9,15,0.0,0.0,,,,7.9,
4,46448.9,1,0.0,0.0,DOWN,14,0.,
4,46478.0,1,75.0,0.2,,,,29.1,
4,46482.9,2,75.0,0.2,UP,1,75.,
4,46490.8,2,0.0,0.0,,,,7.9,
4,46495.8,1,0.0,0.0,DOWN,1,0.,

Time between trips,14.5,

Summary,
No Floors,Direction,Load,No trips,
1,UP,0,0,
1,UP,75,18,
1,UP,150,11,
1,UP,225,22,
1,UP,300,15,
1,UP,375,14,
1,UP,450,13,
1,UP,525,10,
1,UP,600,13,
1,UP,675,11,
1,UP,750,11,
1,DOWN,0,2,
1,DOWN,75,0,
1,DOWN,150,0,
1,DOWN,225,0,
1,DOWN,300,0,
1,DOWN,375,0,
1,DOWN,450,0,
1,DOWN,525,0,
1,DOWN,600,0,
1,DOWN,675,0,
1,DOWN,750,0,
2,UP,0,0,
2,UP,75,18,
2,UP,150,16,
2,UP,225,5,
2,UP,300,7,
2,UP,375,9,
2,UP,450,5,
2,UP,525,4,
2,UP,600,4,
2,UP,675,3,
2,UP,750,10,
2,DOWN,0,2,
2,DOWN,75,0,
2,DOWN,150,0,
2,DOWN,225,0,
2,DOWN,300,0,
2,DOWN,375,0,
2,DOWN,450,0,
2,DOWN,525,0,
2,DOWN,600,0,
2,DOWN,675,0,
2,DOWN,750,0,
3,UP,0,0,
3,UP,75,10,
3,UP,150,8,
3,UP,225,5,
3,UP,300,10,
3,UP,375,7,
3,UP,450,6,
3,UP,525,6,
3,UP,600,2,
3,UP,675,2,
3,UP,750,4,
3,DOWN,0,1,
3,DOWN,75,0,
3,DOWN,150,0,
3,DOWN,225,0,
3,DOWN,300,0,
3,DOWN,375,0,
3,DOWN,450,0,
3,DOWN,525,0,
3,DOWN,600,0,
3,DOWN,675,0,
3,DOWN,750,0,
4,UP,0,0,
4,UP,75,9,
4,UP,150,5,
4,UP,225,6,
4,UP,300,3,
4,UP,375,1,
4,UP,450,2,
4,UP,525,2,
4,UP,600,1,
4,UP,675,0,
4,UP,750,0,
4,DOWN,0,4,
4,DOWN,75,0,
4,DOWN,150,0,
4,DOWN,225,0,
4,DOWN,300,0,
4,DOWN,375,0,
4,DOWN,450,0,
4,DOWN,525,0,
4,DOWN,600,0,
4,DOWN,675,0,
4,DOWN,750,0,
5,UP,0,0,
5,UP,75,2,
5,UP,150,7,
5,UP,225,2,
5,UP,300,1,
5,UP,375,1,
5,UP,450,0,
5,UP,525,0,
5,UP,600,1,
5,UP,675,2,
5,UP,750,0,
5,DOWN,0,1,
5,DOWN,75,0,
5,DOWN,150,0,
5,DOWN,225,0,
5,DOWN,300,0,
5,DOWN,375,0,
5,DOWN,450,0,
5,DOWN,525,0,
5,DOWN,600,0,
5,DOWN,675,0,
5,DOWN,750,0,
6,UP,0,0,
6,UP,75,6,
6,UP,150,6,
6,UP,225,3,
6,UP,300,1,
6,UP,375,0,
6,UP,450,1,
6,UP,525,0,
6,UP,600,0,
6,UP,675,0,
6,UP,750,0,
6,DOWN,0,3,
6,DOWN,75,0,
6,DOWN,150,0,
6,DOWN,225,0,
6,DOWN,300,0,
6,DOWN,375,0,
6,DOWN,450,0,
6,DOWN,525,0,
6,DOWN,600,0,
6,DOWN,675,0,
6,DOWN,750,0,
7,UP,0,0,
7,UP,75,11,
7,UP,150,9,
7,UP,225,3,
7,UP,300,1,
7,UP,375,1,
7,UP,450,0,
7,UP,525,0,
7,UP,600,0,
7,UP,675,0,
7,UP,750,0,
7,DOWN,0,7,
7,DOWN,75,0,
7,DOWN,150,0,
7,DOWN,225,0,
7,DOWN,300,0,
7,DOWN,375,0,
7,DOWN,450,0,
7,DOWN,525,0,
7,DOWN,600,0,
7,DOWN,675,0,
7,DOWN,750,0,
8,UP,0,0,
8,UP,75,6,
8,UP,150,2,
8,UP,225,1,
8,UP,300,2,
8,UP,375,0,
8,UP,450,0,
8,UP,525,0,
8,UP,600,0,
8,UP,675,0,
8,UP,750,0,
8,DOWN,0,5,
8,DOWN,75,0,
8,DOWN,150,0,
8,DOWN,225,0,
8,DOWN,300,0,
8,DOWN,375,0,
8,DOWN,450,0,
8,DOWN,525,0,
8,DOWN,600,0,
8,DOWN,675,0,
8,DOWN,750,0,
9,UP,0,0,
9,UP,75,2,
9,UP,150,1,
9,UP,225,0,
9,UP,300,0,
9,UP,375,0,
9,UP,450,0,
9,UP,525,0,
9,UP,600,0,
9,UP,675,0,
9,UP,750,0,
9,DOWN,0,4,
9,DOWN,75,0,
9,DOWN,150,0,
9,DOWN,225,0,
9,DOWN,300,0,
9,DOWN,375,0,
9,DOWN,450,0,
9,DOWN,525,0,
9,DOWN,600,0,
9,DOWN,675,0,
9,DOWN,750,0,
10,UP,0,0,
10,UP,75,5,
10,UP,150,0,
10,UP,225,1,
10,UP,300,0,
10,UP,375,0,
10,UP,450,0,
10,UP,525,0,
10,UP,600,0,
10,UP,675,0,
10,UP,750,0,
10,DOWN,0,6,
10,DOWN,75,0,
10,DOWN,150,0,
10,DOWN,225,0,
10,DOWN,300,0,
10,DOWN,375,0,
10,DOWN,450,0,
10,DOWN,525,0,
10,DOWN,600,0,
10,DOWN,675,0,
10,DOWN,750,0,
11,UP,0,0,
11,UP,75,5,
11,UP,150,3,
11,UP,225,0,
11,UP,300,0,
11,UP,375,0,
11,UP,450,0,
11,UP,525,0,
11,UP,600,0,
11,UP,675,0,
11,UP,750,0,
11,DOWN,0,10,
11,DOWN,75,0,
11,DOWN,150,0,
11,DOWN,225,0,
11,DOWN,300,0,
11,DOWN,375,0,
11,DOWN,450,0,
11,DOWN,525,0,
11,DOWN,600,0,
11,DOWN,675,0,
11,DOWN,750,0,
12,UP,0,0,
12,UP,75,3,
12,UP,150,0,
12,UP,225,0,
12,UP,300,0,
12,UP,375,0,
12,UP,450,0,
12,UP,525,0,
12,UP,600,0,
12,UP,675,0,
12,UP,750,0,
12,DOWN,0,11,
12,DOWN,75,0,
12,DOWN,150,0,
12,DOWN,225,0,
12,DOWN,300,0,
12,DOWN,375,0,
12,DOWN,450,0,
12,DOWN,525,0,
12,DOWN,600,0,
12,DOWN,675,0,
12,DOWN,750,0,
13,UP,0,0,
13,UP,75,5,
13,UP,150,1,
13,UP,225,0,
13,UP,300,0,
13,UP,375,0,
13,UP,450,0,
13,UP,525,0,
13,UP,600,0,
13,UP,675,0,
13,UP,750,0,
13,DOWN,0,15,
13,DOWN,75,0,
13,DOWN,150,0,
13,DOWN,225,0,
13,DOWN,300,0,
13,DOWN,375,0,
13,DOWN,450,0,
13,DOWN,525,0,
13,DOWN,600,0,
13,DOWN,675,0,
13,DOWN,750,0,
14,UP,0,0,
14,UP,75,4,
14,UP,150,1,
14,UP,225,0,
14,UP,300,0,
14,UP,375,0,
14,UP,450,0,
14,UP,525,0,
14,UP,600,0,
14,UP,675,0,
14,UP,750,0,
14,DOWN,0,21,
14,DOWN,75,0,
14,DOWN,150,0,
14,DOWN,225,0,
14,DOWN,300,0,
14,DOWN,375,0,
14,DOWN,450,0,
14,DOWN,525,0,
14,DOWN,600,0,
14,DOWN,675,0,
14,DOWN,750,0,
15,UP,0,0,
15,UP,75,0,
15,UP,150,0,
15,UP,225,0,
15,UP,300,0,
15,UP,375,0,
15,UP,450,0,
15,UP,525,0,
15,UP,600,0,
15,UP,675,0,
15,UP,750,0,
15,DOWN,0,29,
15,DOWN,75,0,
15,DOWN,150,0,
15,DOWN,225,0,
15,DOWN,300,0,
15,DOWN,375,0,
15,DOWN,450,0,
15,DOWN,525,0,
15,DOWN,600,0,
15,DOWN,675,0,
15,DOWN,750,0,
